Date,HIGH,CLOSE,LOW,OPEN,COUNT,VOLUME,average,abs_trade_size,avg_trade_size
2021-07-29,40.25,34.82,33.35,38.0,736578,102474737,36.605,3751087747.8849998,5092.587272339114
2021-07-30,36.9795,35.15,33.25,34.93,310979,40632228,35.077375,1425271898.6415002,4583.177316286631
2021-08-02,37.98,37.68,35.3,35.97,163505,19948534,36.732499999999995,732759525.1549999,4481.572582826212
2021-08-03,48.59,46.8,37.1594,37.911,610900,93819198,42.6151,3998114504.6898,6544.6300616955305
2021-08-04,85.0,70.39,54.4,54.45,1523753,175790537,66.06,11612722874.220001,7621.132082575064
2021-08-05,66.5,50.97,50.46,62.9,764294,82470402,57.7075,4759160723.415,6226.871758008044
2021-08-06,60.88,55.01,53.1,57.77,579911,70131720,56.69,3975767206.7999997,6855.823060435136
2021-08-09,59.96,56.83,56.0,59.0835,258252,27495240,57.968374999999995,1593854383.0349998,6171.701992762883
2021-08-10,58.49,53.94,53.5,56.4852,172592,17066352,55.6038,948954023.3376,5498.250343802725
2021-08-11,54.6058,51.19,49.0,54.5683,179426,15893137,52.341025,831863081.045425,4636.246034830097
2021-08-12,50.39,48.1,47.52,50.125,156296,13426242,49.03375,658338993.6675,4212.1295085446845
2021-08-13,53.2,50.63,48.22,48.45,214666,25659808,50.125,1286197876.0,5991.62361994913
2021-08-16,49.79,47.19,47.0,49.4,132978,12052503,48.345,582678257.535,4381.764333461174
2021-08-17,48.85,46.67,46.01,47.3,88912,9160299,47.207499999999996,432434815.04249996,4863.627126175319
2021-08-18,52.06,49.8,47.2,47.9651,191639,24407995,49.256275,1202246913.918625,6273.498160179426
2021-08-19,46.88,44.69,44.135,45.06,204356,18517574,45.19125,836832316.0274999,4094.9730667438193
2021-08-20,45.56,42.64,42.44,45.2,132716,11764299,43.959999999999994,517158584.0399999,3896.731245968835
2021-08-23,46.85,45.29,43.32,44.16,135277,15664716,44.904999999999994,703424071.9799999,5199.879299363527
2021-08-24,50.24,49.38,46.0,46.46,135026,17122747,48.019999999999996,822234310.9399999,6089.451742182987
2021-08-25,50.99,48.98,47.5,48.425,96583,10837516,48.973749999999995,530753799.2049999,5495.312831502438
2021-08-26,49.8499,46.86,46.4,48.0,64036,7187728,47.777474999999995,343411494.8268,5362.7880383971515
2021-08-27,48.1,46.87,46.14,46.7986,57942,6058053,46.97715,284590064.48895,4911.636886696179
2021-08-30,46.6,43.64,42.56,46.3,129755,12363840,44.775000000000006,553590936.0000001,4266.432399522178
2021-08-31,44.5,44.32,41.51,42.03,94629,8847512,43.089999999999996,381239292.08,4028.7786205074553
2021-09-01,47.12,44.57,43.7,43.76,94630,11012953,44.787499999999994,493242632.48749995,5212.328357682552
2021-09-02,45.7999,44.49,44.2,45.202,45354,4099172,44.92297500000001,184147001.27670002,4060.2152241632493
2021-09-03,44.88,43.35,43.15,44.6928,57379,4676645,44.0182,205857494.939,3587.680073528643
2021-09-07,43.39,42.13,41.75,43.33,77056,6179176,42.65,263541856.4,3420.1341414036547
2021-09-08,42.21,40.05,39.81,42.0,92986,7834862,41.0175,321366452.085,3456.0735173574512
2021-09-09,42.54,41.28,40.3813,40.5,58395,6981918,41.175325,287482742.77335,4923.071200845106
2021-09-10,42.52,41.17,40.72,41.5,48937,5521802,41.477500000000006,229030542.45500004,4680.109987432823
2021-09-13,41.3899,40.6,39.8,41.22,53416,4309173,40.752475,175609464.95317498,3287.5817162119024
2021-09-14,41.0,40.02,39.23,41.0,52552,4298047,40.3125,173265019.6875,3297.0204690116457
2021-09-15,41.94,41.87,39.83,40.2,56080,5835873,40.96,239037358.08,4262.435058487875
2021-09-16,42.43,41.95,40.91,41.62,41016,4206706,41.7275,175535324.615,4279.679262117223
2021-09-17,42.9012,42.38,41.9,41.92,44225,5000840,42.2753,211412011.252,4780.373346568683
2021-09-20,41.56,40.7,40.0301,40.62,52097,4437794,40.727525,180740366.07985,3469.304683184252
2021-09-21,42.69,42.29,40.7938,41.04,53698,5984827,41.70345,249587933.55314997,4647.993101291481
2021-09-22,46.94,46.88,42.76,43.0004,123611,14619488,44.8951,656343375.7088,5309.748935845515
2021-09-23,47.84,45.94,44.71,46.285,97968,12129439,46.19375,560304272.80625,5719.258051672485
2021-09-24,46.55,44.91,44.35,44.7,55107,6057991,45.1275,273381988.85249996,4960.930350998965
2021-09-27,45.91,44.76,43.95,44.93,42477,4041686,44.8875,181421180.32500002,4271.045043788404
2021-09-28,45.96,44.62,42.51,43.92,49111,5791895,44.2525,256305833.48749998,5218.908869448799
2021-09-29,45.4625,43.13,43.1,44.17,39274,4597599,43.965624999999996,202136313.53437498,5146.8226698165445
2021-09-30,43.13,42.08,41.41,43.13,37595,3535993,42.4375,150058702.9375,3991.45372888682
2021-10-01,42.78,41.9,41.12,42.3617,28194,2655845,42.040425,111652852.534125,3960.163599848372
2021-10-04,41.8123,40.93,40.25,41.8,34479,2647750,41.198075,109082203.08125001,3163.728735788451
2021-10-05,42.4899,42.01,41.0509,41.074,29475,2813392,41.6562,117195219.83039999,3976.0888831348598
2021-10-06,42.65,42.06,41.7,42.0,26062,2730242,42.102500000000006,114950013.80500002,4410.636704972758
2021-10-07,42.84,41.84,41.68,42.2374,29626,2895418,42.149350000000005,122039986.67830002,4119.354171278607
2021-10-08,42.06,41.78,41.05,41.8,27927,3688931,41.6725,153726977.0975,5504.600461829054
2021-10-11,42.468,42.07,41.01,41.1723,36303,3733178,41.680074999999995,155599139.02835,4286.123434105996
2021-10-12,42.05,40.53,40.5,42.0,40849,3717965,41.269999999999996,153440415.54999998,3756.2832762123917
2021-10-13,40.83,40.52,39.86,40.62,40474,3914428,40.457499999999996,158367970.80999997,3912.832208578346
2021-10-14,41.79,40.93,40.55,40.59,37506,3827495,40.964999999999996,156793332.67499998,4180.486660134378
2021-10-15,41.7,41.03,40.8601,41.641,25262,2579553,41.30777500000001,106555594.92457502,4218.0189583000165
2021-10-18,41.25,40.65,40.31,40.95,41815,4019789,40.79,163967193.31,3921.2529788353463
2021-10-19,41.8,41.7,40.54,40.91,40249,4529214,41.2375,186773462.325,4640.44975837909
2021-10-20,42.44,41.83,41.02,41.8933,37255,4057555,41.79582500000001,169588858.70787504,4552.110017658704
2021-10-21,43.36,41.28,41.21,41.93,47648,5377739,41.945,225569262.355,4734.076191130792
2021-10-22,41.13,39.59,39.59,41.125,62536,5916837,40.35875,238796145.27375,3818.5388460047016
2021-10-25,39.87,39.01,38.15,39.76,94506,8081732,39.1975,316783690.07,3351.9955354157405
2021-10-26,40.25,39.57,39.0,39.61,117502,13250919,39.6075,524835774.2925,4466.611413358922
2021-10-27,36.19,35.44,34.44,35.98,240733,29082790,35.512499999999996,1032802579.8749999,4290.240971844325
2021-10-28,35.52,35.47,33.99,35.21,160698,17441533,35.0475,611282127.8175,3803.9187035152895
2021-10-29,35.85,34.97,34.8,35.65,89436,10687377,35.317499999999995,377451437.19749993,4220.35239945324
2021-11-01,35.215,34.85,34.42,35.2,85123,7946006,34.92125,277484462.02750003,3259.8059517110537
2021-11-02,34.99,34.99,34.34,34.72,59029,5547732,34.760000000000005,192839164.32000002,3266.85467007742
2021-11-03,37.5,37.04,34.6752,34.94,134257,15342781,36.038799999999995,552935415.9028,4118.484815710168
2021-11-04,37.95,37.07,36.5,37.03,61212,6474368,37.1375,240441841.60000002,3928.0180618179447
2021-11-05,37.41,37.01,36.65,37.0,53289,4744776,37.0175,175639745.57999998,3295.9850171705225
2021-11-08,38.17,37.98,36.52,37.06,68955,7149237,37.4325,267613814.00249997,3880.9921543397863
2021-11-09,37.199,36.7,36.45,36.76,68489,7130040,36.77725,262223263.59,3828.6916671290282
2021-11-10,36.11,34.49,33.7501,35.9,150680,14707521,35.062525,515682822.750525,3422.370737659444
2021-11-11,34.84,34.17,34.04,34.82,59526,6037956,34.4675,208113248.43,3496.173914423949
2021-11-12,35.9,35.21,34.59,34.645,78297,8727757,35.08625,306224264.04125,3911.0599900538973
2021-11-15,35.61,34.96,34.23,35.5,64017,6219582,35.075,218151838.65,3407.717303997376
2021-11-16,34.44,33.87,32.87,34.37,97151,8929807,33.8875,302608834.71250004,3114.829849538348
2021-11-17,33.98,32.88,32.81,33.8,72579,6763787,33.3675,225690662.7225,3109.586281465713
2021-11-18,32.93,30.53,30.41,32.9,134256,12654119,31.6925,401040666.40749997,2987.134030564742
2021-11-19,30.8,28.99,28.8,30.3,141637,14289543,29.7225,424720941.8175,2998.6581318264293
2021-11-22,29.36,27.84,27.44,29.0,136582,12690388,28.41,360533923.08,2639.688414871652
2021-11-23,28.3001,27.65,26.57,27.6,89581,8654347,27.530025000000002,238254389.26867503,2659.6531548952908
2021-11-24,28.54,27.98,27.51,27.54,58015,5980076,27.892500000000002,166799269.83,2875.105917952254
2021-11-26,29.22,27.92,27.05,27.075,49981,5503000,27.81625,153072823.75,3062.620270702867
2021-11-29,28.29,27.07,25.75,28.095,136482,15203897,27.301249999999996,415085392.97124994,3041.319682971014
2021-11-30,27.56,25.94,25.81,26.6949,124995,22291032,26.501224999999998,590739654.5142,4726.106280364815
2021-12-01,26.39,23.93,23.89,26.35,254080,37653088,25.14,946598632.32,3725.5928539042825
2021-12-02,24.29,24.2,23.34,23.96,110979,14035688,23.9475,336119638.38,3028.6778433757736
2021-12-03,24.06,21.55,21.5,23.92,142791,16825218,22.7575,382899898.635,2681.540843855705
2021-12-06,22.05,21.9,20.58,21.34,98335,12053688,21.4675,258762547.14000002,2631.438929577465
2021-12-07,23.33,22.73,22.02,22.65,77382,11058383,22.6825,250831772.3975,3241.4744048680573
2021-12-08,23.74,23.72,21.76,23.0,100000,15159432,23.055,349500704.76,3495.0070476
2021-12-09,23.48,21.91,21.7,23.27,109736,14155120,22.59,319764160.8,2913.940373259459
2021-12-10,21.81,20.13,19.82,21.78,167503,22116637,20.885,461905963.74500006,2757.598154928569
2021-12-13,20.2,19.7,18.86,19.7,135064,18086872,19.615,354773994.28,2626.7102579517855
2021-12-14,19.56,19.13,18.42,19.155,141607,21065868,19.06625,401647105.755,2836.3506447774475
2021-12-15,19.8,19.5,17.89,19.0,160776,22439347,19.0475,427413461.9825,2658.4406999956464
2021-12-16,19.89,18.14,17.71,19.24,138449,20919960,18.744999999999997,392144650.1999999,2832.4122976691774
2021-12-17,19.37,19.1,17.075,17.88,141203,20788720,18.356250000000003,381602941.50000006,2702.5129883925983
2021-12-20,18.93,18.03,17.59,18.27,93881,13652145,18.205000000000002,248537299.72500002,2647.3652786506323
2021-12-21,19.03,18.93,17.98,18.1048,69539,10885189,18.511200000000002,201497910.61680004,2897.6245073527093
2021-12-22,18.88,18.38,18.04,18.64,83893,16627760,18.485,307364143.59999996,3663.7638849486843
2021-12-23,19.25,18.9,17.89,18.31,78996,13067516,18.5875,242892453.64999998,3074.7437041116004
2021-12-27,18.85,18.44,18.21,18.83,80233,12360220,18.5825,229683788.15,2862.7097098450763
2021-12-28,18.53,17.45,17.4,18.1535,104807,15814896,17.883375,282823715.754,2698.519333193394
2021-12-29,17.67,17.11,16.68,17.45,89421,12534757,17.2275,215942526.2175,2414.897241335928
2021-12-30,18.72,18.2,17.14,17.18,100476,16128456,17.81,287247801.35999995,2858.869793383494
2021-12-31,18.76,17.76,17.72,18.12,72105,10931131,18.09,197744159.79,2742.447261493655
2022-01-03,18.9396,18.44,17.91,18.05,104358,16128983,18.334899999999998,295723290.40669996,2833.738576886295
2022-01-04,18.45,17.4,16.84,18.39,190602,28170145,17.770000000000003,500583476.6500001,2626.3285623970373
2022-01-05,17.5,15.98,15.77,17.3,204126,30878596,16.6375,513742640.95,2516.791790119828
2022-01-06,16.05,15.58,14.8,15.8,236185,50293158,15.557500000000001,782435805.585,3312.809050468912
2022-01-07,16.48,15.89,15.52,15.62,110432,23053667,15.877500000000001,366034597.7925,3314.570032169118
2022-01-10,16.0,15.61,14.75,15.35,139977,22173436,15.4275,342080683.89,2443.8349435264363
2022-01-11,16.82,16.41,15.33,15.525,102270,20145318,16.02125,322753176.0075,3155.8929892197125
2022-01-12,17.21,16.25,16.06,16.63,73829,15831365,16.5375,261811198.68750003,3546.1837311557792
2022-01-13,16.39,15.3,15.26,16.26,100594,16354458,15.802500000000002,258441322.54500005,2569.1524598385595
2022-01-14,15.73,15.17,14.73,15.09,95946,16689711,15.18,253349812.98,2640.545858920643
2022-01-18,14.96,14.4,14.26,14.9,100457,15746277,14.629999999999999,230368032.51,2293.2003992753116
2022-01-19,14.65,13.89,13.84,14.46,99317,15014166,14.21,213351298.86,2148.185092783713
2022-01-20,14.84,13.69,13.65,14.1,121283,20377477,14.069999999999999,286711101.39,2363.9842466792543
2022-01-21,13.68,12.98,12.7734,13.47,151624,23868759,13.225850000000001,315684626.22015005,2082.0228078678183
2022-01-24,13.16,13.12,11.15,12.25,210881,36969492,12.42,459161090.64,2177.3468953580455
2022-01-25,13.47,13.05,12.705,12.87,112649,18463047,13.02375,240458108.36625,2134.5782773593196
2022-01-26,13.58,12.41,12.34,13.35,136881,22797230,12.919999999999998,294540211.59999996,2151.7976315193487
2022-01-27,12.655,11.61,11.4,12.655,221865,39144259,12.08,472862648.72,2131.3079968449283
2022-01-28,12.86,12.73,9.94,9.97,345005,69488935,11.375,790436635.625,2291.087478804655
2022-01-31,14.54,14.15,11.85,12.6385,241961,52585171,13.294625,699100129.005875,2889.3091407535717
2022-02-01,14.74,14.65,13.41,14.29,140938,29358452,14.272499999999999,419018506.16999996,2973.069762377783
2022-02-02,14.85,14.02,13.54,14.59,129345,24362532,14.25,347166081.0,2684.031705902818
2022-02-03,14.68,14.15,13.24,13.41,122709,22621592,13.87,313761481.03999996,2556.9557329943195
2022-02-04,15.33,15.18,13.77,14.16,118210,23091534,14.610000000000001,337367311.74,2853.965922849167
2022-02-07,15.24,13.91,13.77,15.06,135186,24001215,14.495000000000001,347897611.425,2573.4736690559675
2022-02-08,13.8213,13.38,12.93,13.82,148119,25121068,13.487825,338828568.9971,2287.5429147989116
2022-02-09,14.28,13.91,13.22,13.5941,137984,23897045,13.751024999999998,328608863.22112495,2381.499762444377
2022-02-10,14.7,13.52,13.32,13.38,149018,27800941,13.73,381706919.93,2561.4819681514987
2022-02-11,14.19,13.32,13.07,13.6112,110384,17639072,13.5478,238970619.6416,2164.902700043485
2022-02-14,13.87,13.35,12.97,13.105,108554,21779456,13.32375,290184026.88,2673.1767312121156
2022-02-15,13.77,13.67,13.31,13.68,89010,17184968,13.6075,233844452.06,2627.170565779126
2022-02-16,14.06,13.51,13.28,13.52,80485,16271191,13.5925,221166163.6675,2747.9177942163133
2022-02-17,13.49,12.25,12.15,13.35,129054,23159167,12.81,296668929.27000004,2298.796854572505
2022-02-18,12.4399,11.81,11.64,12.35,99820,19269403,12.059975000000001,232388518.44492504,2328.0757207465945
2022-02-22,11.74,11.31,10.98,11.47,124678,22042980,11.375,250738897.5,2011.091752354064
2022-02-23,11.5989,10.86,10.83,11.37,95855,16146097,11.164724999999999,180266732.82832497,1880.6189852206455
2022-02-24,11.65,11.51,9.93,10.0,174254,31330210,10.772499999999999,337504687.22499996,1936.854747810667
2022-02-25,11.7,11.61,10.91,11.54,93018,15928389,11.44,182220770.16,1958.9839618138424
2022-02-28,12.095,12.01,11.31,11.495,91908,17105354,11.7275,200603039.035,2182.65046606389
2022-03-01,12.26,11.77,11.51,12.055,84474,12587284,11.89875,149772945.495,1773.0064338731445
2022-03-02,11.77,11.49,11.075,11.77,74612,11838730,11.52625,136456161.6625,1828.8768785517075
2022-03-03,11.83,11.38,11.11,11.52,88730,14725911,11.46,168758940.06,1901.9377894736842
2022-03-04,11.6727,10.96,10.85,11.19,97730,18233579,11.168175,203635801.148325,2083.6570259728333
2022-03-07,12.03,11.42,11.04,11.04,156036,26532039,11.3825,302000933.9175,1935.456778676075
2022-03-08,12.07,11.75,11.01,11.26,98744,16700256,11.522499999999999,192428699.76,1948.763466742283
2022-03-09,12.47,12.42,11.9,11.99,107896,18056459,12.195,220198517.505,2040.840415817083
2022-03-10,12.11,12.05,11.61,12.03,85933,15593357,11.95,186340616.14999998,2168.440717186645
2022-03-11,12.46,11.02,11.01,12.44,109017,21050120,11.732499999999998,246970532.89999995,2265.4313813441936
2022-03-14,11.14,10.65,10.4,10.91,122872,17131252,10.775,184589240.3,1502.2888884367474
2022-03-15,11.12,11.04,10.2,10.53,90475,16286648,10.7225,174633583.18,1930.186053384913
2022-03-16,12.85,12.78,11.19,11.25,172554,35061550,12.0175,421352177.125,2441.856909286368
2022-03-17,13.71,13.39,12.455,12.63,128581,27387013,13.04625,357297818.35125,2778.7761671728326
2022-03-18,13.95,13.44,13.21,13.33,102277,25838103,13.4825,348362223.6975,3406.0661116135593
2022-03-21,13.3,13.05,12.5147,13.29,98454,23467395,13.038675000000001,305983736.50162506,3107.8852713107144
2022-03-22,13.857,13.42,12.89,13.18,85085,22472718,13.33675,299713021.78650004,3522.51303739202
2022-03-23,13.34,13.08,12.72,13.26,93468,15530558,13.1,203450309.79999998,2176.684103650447
2022-03-24,13.245,12.96,12.61,13.02,64563,10404281,12.95875,134826476.40875,2088.2932392972757
2022-03-25,12.98,12.39,12.26,12.88,72936,11156887,12.6275,140883590.5925,1931.605662395799
2022-03-28,13.02,12.81,12.275,12.46,73285,12380208,12.641250000000001,156501304.38000003,2135.516195401515
2022-03-29,16.49,15.91,13.15,13.19,465166,101513589,14.684999999999999,1490727054.465,3204.720582469484
2022-03-30,15.66,14.56,14.4,15.58,203211,36848463,15.05,554569368.15,2729.032228324254
2022-03-31,14.64,13.51,13.49,14.62,136997,26911112,14.065,378504790.28,2762.869188960342
2022-04-01,13.75,13.5,13.23,13.54,77375,19581990,13.504999999999999,264454774.95,3417.8323095315022
2022-04-04,13.93,13.83,13.37,13.5,72778,12972273,13.657499999999999,177168818.49749997,2434.373278978537
2022-04-05,13.95,13.03,12.91,13.8,81296,13238525,13.4225,177694101.8125,2185.7668496912515
2022-04-06,12.89,12.51,12.04,12.77,100053,15547794,12.5525,195163684.185,1950.6030222482084
2022-04-07,12.66,12.07,11.56,12.41,90927,14671662,12.175,178627484.85000002,1964.5153238312055
2022-04-08,11.69,11.24,11.06,11.46,131847,25046542,11.3625,284591333.475,2158.4968446381035
2022-04-11,11.51,11.35,10.84,11.02,83460,14568299,11.180000000000001,162873582.82000002,1951.5166884735206
2022-04-12,12.08,11.43,11.355,11.66,88477,13906405,11.63125,161748873.15625,1828.1459945098727
2022-04-13,11.93,11.89,11.25,11.32,56775,9031765,11.5975,104745894.5875,1844.929891457508
2022-04-14,11.89,11.38,11.305,11.78,61108,12083941,11.588750000000001,140037771.26375002,2291.6438316382473
2022-04-18,11.39,10.99,10.9,11.285,73849,11319980,11.141250000000001,126118727.17500001,1707.7919426803344
2022-04-19,11.635,11.56,10.83,10.98,74888,13253461,11.25125,149118003.07625002,1991.2135866393817
2022-04-20,11.56,10.71,10.68,11.55,97946,15342371,11.125,170683877.375,1742.6324441529007
2022-04-21,11.11,10.44,10.2,10.869,87587,14642011,10.65475,156006966.70225,1781.1657746269425
2022-04-22,10.66,10.26,10.15,10.4,78644,13172512,10.3675,136566018.16,1736.509055490565
2022-04-25,10.45,10.39,9.975,10.13,82755,13322012,10.23625,136367445.335,1647.8453910337746
2022-04-26,10.505,10.0,9.85,10.33,92792,14430940,10.17125,146780698.475,1581.8249253707215
2022-04-27,10.04,9.51,9.38,9.595,113451,18996438,9.63125,182959443.48749998,1612.6736960229525
2022-04-28,10.2,10.09,9.2601,9.6,153161,26970218,9.787524999999999,263971682.93044996,1723.4915084809447
2022-04-29,10.79,9.805,9.0,9.05,151757,32541441,9.661249999999999,314390996.86125,2071.6737736068185
2022-05-02,10.49,10.48,9.52,9.76,137485,22709522,10.0625,228514565.125,1662.1054305924283
2022-05-03,10.51,10.1,9.64,10.12,145167,27084033,10.0925,273345603.0525,1882.9734240736532
2022-05-04,10.92,10.9,9.853,10.09,159895,26056568,10.44075,272050112.346,1701.429765446074
2022-05-05,10.965,10.61,10.365,10.85,110398,17641309,10.6975,188717903.0275,1709.4322635147375
2022-05-06,10.67,10.12,9.91,10.5,103406,15359704,10.3,158204951.20000002,1529.9397636500785
2022-05-09,10.24,9.5,9.39,9.86,122665,18935672,9.7475,184575462.82000002,1504.7117174418133
2022-05-10,9.935,9.27,8.915,9.635,145328,22732726,9.438749999999999,214568517.53249997,1476.4430635011834
2022-05-11,9.37,8.15,8.01,8.98,167331,31547653,8.6275,272177376.2575,1626.5807068475058
2022-05-12,8.83,8.56,7.71,7.902,178377,32064204,8.2505,264545715.10200003,1483.070772027784
2022-05-13,10.855,10.69,9.84,10.54,251330,48560109,10.48125,508970642.45624995,2025.1089899982094
2022-05-16,10.64,10.11,9.945,10.64,128365,20918850,10.33375,216170166.1875,1684.0273142016904
2022-05-17,10.55,10.06,9.5,10.35,102962,21824173,10.115,220751509.895,2144.009536479478
2022-05-18,10.45,9.73,9.675,9.9,95513,16585309,9.93875,164837239.82375002,1725.8094691167696
2022-05-19,10.45,10.21,9.625,9.74,88698,15708480,10.00625,157182978.0,1772.1141175674761
2022-05-20,10.55,10.08,9.5707,10.35,78407,12809194,10.137675,129855445.78395,1656.171589066665
2022-05-23,10.115,10.06,9.55,9.99,82843,14168632,9.92875,140676804.97,1698.113358642251
2022-05-24,9.92,9.11,8.97,9.89,74801,12972025,9.4725,122877506.8125,1642.7254557091483
2022-05-25,9.37,9.23,8.97,9.07,66096,11818549,9.16,108257908.84,1637.8889621157105
2022-05-26,9.535,9.28,9.06,9.12,57650,10712865,9.248750000000001,99080610.16875002,1718.6575918256724
2022-05-27,10.42,10.38,9.275,9.35,84786,17019175,9.856250000000001,167745243.59375003,1978.4545042076525
2022-05-31,10.55,10.06,9.99,10.26,84298,24393248,10.215000000000002,249177028.32000005,2955.9067631497787
2022-06-01,10.005,9.37,9.22,9.96,124119,21328627,9.63875,205581303.49625,1656.3242009382125
2022-06-02,9.715,9.7,9.15,9.29,70919,13422649,9.463750000000001,127028594.47375001,1791.1785906985435
2022-06-03,9.45,9.17,9.05,9.38,74456,13193820,9.2625,122207757.74999999,1641.341970425486
2022-06-06,9.8,9.11,9.05,9.26,111327,24087682,9.305,224135881.01,2013.3110656893655
2022-06-07,8.795,8.72,8.25,8.73,146518,31787732,8.62375,274129453.835,1870.9609320015286
2022-06-08,8.93,8.38,8.23,8.66,128529,32988704,8.55,282053419.20000005,2194.4729920873892
2022-06-09,8.43,8.03,8.0,8.29,96014,19896545,8.1875,162902962.1875,1696.6584267658884
2022-06-10,8.12,7.81,7.61,7.74,110180,21966950,7.819999999999999,171781549.0,1559.099192230895
2022-06-13,7.475,7.23,7.02,7.3,120882,27700924,7.25625,201004829.77499998,1662.8185319154215
2022-06-14,7.48,7.23,7.1,7.24,76953,16209797,7.2625,117723650.7125,1529.8123622535834
2022-06-15,7.21,7.05,6.87,7.04,120328,32870960,7.0425,231493735.8,1923.855925470381
2022-06-16,7.14,6.89,6.81,6.94,85453,21709324,6.945,150771255.18,1764.3763844452508
2022-06-17,7.22,7.19,6.84,6.84,73083,18196681,7.0225,127786192.3225,1748.507755873459
2022-06-21,8.02,7.55,7.35,7.35,88104,19619915,7.5675,148473706.7625,1685.2096018625714
2022-06-22,7.73,7.49,7.28,7.3,71430,15393814,7.450000000000001,114683914.30000001,1605.5426893462131
2022-06-23,8.07,7.98,7.61,7.75,82584,16915781,7.8525,132831170.3025,1608.437110124237
2022-06-24,8.38,8.0,7.84,8.08,116314,60504156,8.075,488571059.6999999,4200.449298450745
2022-06-27,9.72,9.12,7.82,8.122,252033,73442383,8.6955,638618241.3764999,2533.8675545523797
2022-06-28,9.3,8.865,8.77,9.06,140980,34601288,8.99875,311368340.39,2208.5993785643354
2022-06-29,8.815,8.47,8.44,8.52,60171,12722088,8.56125,108916975.88999999,1810.1240778780473
2022-06-30,8.51,8.22,8.06,8.43,64738,13039411,8.305,108292308.35499999,1672.7780956316226
2022-07-01,8.395,8.18,8.02,8.22,55910,10408952,8.20375,85392439.97,1527.319620282597
2022-07-05,8.44,8.4,7.78,8.02,69610,12885339,8.16,105144366.24,1510.4778945553799
2022-07-06,8.8,8.63,8.26,8.44,75444,14051328,8.5325,119892956.16000001,1589.1648926355974
2022-07-07,9.02,9.02,8.485,8.62,59246,12394425,8.786249999999999,108900516.65624999,1838.107495126253
2022-07-08,9.25,9.0,8.76,8.85,51237,9873567,8.965,88516528.155,1727.5899868259266
2022-07-11,8.94,8.34,8.29,8.86,55815,10191393,8.607499999999998,87722415.24749999,1571.6638044880406
2022-07-12,8.52,8.4,8.1,8.36,59178,11153516,8.344999999999999,93076091.01999998,1572.815759572814
2022-07-13,8.47,8.36,8.08,8.2,47709,8250618,8.2775,68294490.495,1431.480234232535
2022-07-14,8.35,8.24,8.05,8.29,41009,8006959,8.2325,65917289.9675,1607.3859388792705
2022-07-15,8.42,8.41,8.1,8.3,53623,10206055,8.307500000000001,84786801.91250001,1581.1648343527966
2022-07-18,8.84,8.62,8.555,8.63,49043,9070927,8.661249999999999,78565566.47874999,1601.9730946057539
2022-07-19,9.07,9.03,8.7,8.73,52390,10444009,8.8825,92768909.94250001,1770.736971607177
2022-07-20,9.44,9.41,8.96,9.03,59128,10889274,9.21,100290213.54,1696.1543353402787
2022-07-21,9.5,9.41,9.2,9.34,42285,7446578,9.3625,69718586.525,1648.7782079933784
2022-07-22,9.5,9.08,8.94,9.45,44513,8296321,9.2425,76678746.8425,1722.6146708265
2022-07-25,9.03,8.89,8.74,9.03,35660,5470127,8.9225,48807208.1575,1368.6822253925968
2022-07-26,8.73,8.43,8.37,8.71,44048,7255431,8.56,62106489.36000001,1409.9729694878315
2022-07-27,8.93,8.9,8.49,8.63,36969,6037011,8.7375,52748383.612500004,1426.8274395439423
2022-07-28,9.175,9.11,8.575,8.89,41965,7384838,8.9375,66001989.625,1572.7865989515071
2022-07-29,9.15,9.05,8.91,9.01,41475,7679156,9.030000000000001,69342778.68,1671.9175088607597
2022-08-01,9.04,9.04,8.7119,8.94,55165,9478573,8.932974999999999,84671855.64467499,1534.883633547992
2022-08-02,9.33,9.23,8.79,8.81,62227,11339195,9.04,102506322.8,1647.296556157295
2022-08-03,10.76,10.31,9.4,9.4,209396,37485669,9.967500000000001,373638405.75750005,1784.3626705261804
2022-08-04,11.35,10.88,10.26,10.97,135843,27870330,10.865,302811135.45,2229.125795587553
2022-08-05,10.615,10.4,9.94,10.42,97213,17288096,10.34375,178823743.0,1839.5044181333772
2022-08-08,10.905,10.68,10.28,10.52,71115,13033183,10.59625,138102865.36374998,1941.9653429480416
2022-08-09,10.51,10.1,10.0,10.47,56395,8266029,10.27,84892117.83,1505.3128438691374
2022-08-10,10.66,10.58,10.16,10.51,64543,11168657,10.477500000000001,117019603.71750002,1813.0487228281922
2022-08-11,11.295,10.51,10.51,11.01,82820,14229972,10.831249999999999,154128384.225,1861.0043977903888
2022-08-12,10.93,10.93,10.43,10.65,44033,7333567,10.735,78725841.74499999,1787.8827639497647
2022-08-15,11.19,11.01,10.79,10.79,43161,7086896,10.944999999999999,77566076.71999998,1797.133447325131
2022-08-16,11.59,10.9,10.62,11.025,94365,20413432,11.03375,225236705.32999998,2386.8670092725056
2022-08-17,10.815,10.42,10.31,10.75,52924,9287033,10.57375,98198765.18375,1855.4675607238682
2022-08-18,10.42,10.17,9.94,10.33,49411,9525442,10.215,97302390.03,1969.245512740078
2022-08-19,9.88,9.26,9.19,9.85,70005,13783771,9.545,131566094.195,1879.3813898292979
2022-08-22,9.265,9.04,8.89,8.97,48938,8228130,9.04125,74392580.3625,1520.1393674138706
2022-08-23,9.335,9.18,8.935,9.04,34594,6071578,9.1225,55387970.305,1601.086035295138
2022-08-24,9.49,9.32,9.1575,9.2,26754,5350261,9.291875,49713956.42937499,1858.1878010531134
2022-08-25,9.83,9.81,9.34,9.43,33995,6123473,9.6025,58800649.482499994,1729.6852326077362
2022-08-26,9.97,9.38,9.21,9.87,43502,7071945,9.6075,67943711.5875,1561.8525949956324
2022-08-29,9.59,9.38,9.2176,9.26,34130,5129067,9.3619,48017812.3473,1406.9092395927337
2022-08-30,9.64,9.47,9.29,9.5,38246,5410746,9.475,51266818.35,1340.4491541599123
2022-08-31,9.685,9.55,9.41,9.51,44589,7247367,9.53875,69130821.97125,1550.4008157000605
2022-09-01,9.63,9.63,8.99,9.4,56129,8310973,9.412500000000001,78227033.36250001,1393.7008206542075
2022-09-02,9.85,9.45,9.27,9.82,49957,7305020,9.5975,70109929.45,1403.405517745261
2022-09-06,9.74,9.57,9.35,9.53,71615,13242167,9.5475,126429589.43249999,1765.4065409830341
2022-09-07,9.92,9.85,9.45,9.62,58379,9342625,9.709999999999999,90716888.74999999,1553.93015896127
2022-09-08,10.11,10.1,9.53,9.62,58925,11116372,9.84,109385100.48,1856.344513873568
2022-09-09,10.93,10.6,10.29,10.41,83473,15669117,10.5575,165426702.7275,1981.7989377103972
2022-09-12,11.28,11.01,10.56,10.76,76798,14394720,10.9025,156938434.8,2043.522419854684
2022-09-13,10.915,10.41,10.32,10.52,80545,15029375,10.54125,158428399.21875,1966.9551085573282
2022-09-14,10.905,10.78,10.275,10.41,82517,17007422,10.5925,180151117.535,2183.2000379921715
2022-09-15,11.625,11.25,10.65,10.65,102975,18488632,11.04375,204183829.64999998,1982.8485520757463
2022-09-16,11.03,10.25,10.2,10.91,83115,46281791,10.5975,490471280.1225,5901.116286139686
2022-09-19,10.295,10.26,9.76,9.98,58923,10074700,10.073749999999999,101490009.12499999,1722.4175470529333
2022-09-20,10.26,9.94,9.9,10.16,33224,5799744,10.065,58374423.36,1756.9956465205876
2022-09-21,10.52,9.92,9.85,10.01,50561,8110947,10.075000000000001,81717791.025,1616.2218117719192
2022-09-22,11.1,9.65,9.6,10.62,134370,28957581,10.2425,296598023.3925,2207.323237273945
2022-09-23,9.58,9.44,9.165,9.485,63370,10079631,9.417499999999999,94924924.94249998,1497.9473716664033
2022-09-26,9.74,9.24,9.24,9.42,49997,7810508,9.41,73496880.28,1470.0258071484288
2022-09-27,9.79,9.61,9.37,9.455,44738,8530033,9.556249999999999,81515127.85624999,1822.0556988745582
2022-09-28,10.15,10.01,9.54,9.545,49561,9015841,9.81125,88456670.01124999,1784.8039791620424
2022-09-29,9.9,9.77,9.56,9.8,35336,5566412,9.7575,54314265.09,1537.0801757414536
2022-09-30,10.4787,10.1,9.67,9.74,50634,7938444,9.997175,79362013.89570001,1567.3660760694397
2022-10-03,10.19,10.1,9.71,10.02,50269,8883110,10.005,88875515.55000001,1767.9984791820011
2022-10-04,10.96,10.82,10.39,10.4,58806,10021897,10.6425,106658038.8225,1813.7271506734007
2022-10-05,10.97,10.76,10.515,10.65,38237,5980688,10.72375,64135402.940000005,1677.3126275596935
2022-10-06,11.18,11.17,10.7,10.76,39834,7227794,10.9525,79162413.78500001,1987.3076714615659
2022-10-07,11.17,10.8,10.65,10.91,41392,6673666,10.8825,72626170.245,1754.5943719800928
2022-10-10,10.84,10.52,10.395,10.818,32789,4699864,10.643249999999998,50021827.51799999,1525.5673402055565
2022-10-11,10.64,10.44,9.845,10.44,45942,6979403,10.341249999999999,72175751.27374999,1571.0189211124896
2022-10-12,10.675,10.66,10.13,10.44,36410,5629992,10.47625,58981203.690000005,1619.917706399341
2022-10-13,10.94,10.63,9.95,10.175,50326,8549732,10.42375,89120268.935,1770.8593755712752
2022-10-14,11.02,9.89,9.885,10.8,32678,5715752,10.39875,59436676.11,1818.8590522675806
2022-10-17,10.58,10.21,10.11,10.33,39784,7054061,10.307500000000001,72709733.75750001,1827.612451173839
2022-10-18,10.79,10.44,10.31,10.63,37858,6890375,10.5425,72641778.4375,1918.7959859871098
2022-10-19,10.4,10.11,9.905,10.3,36533,5774051,10.17875,58772621.61625001,1608.7543211959053
2022-10-20,10.48,9.83,9.82,10.08,47780,7947942,10.0525,79896686.955,1672.178462850565
2022-10-21,10.15,10.14,9.54,9.77,47426,8035214,9.9,79548618.60000001,1677.3208493231562
2022-10-24,10.24,10.21,9.7,10.15,35123,5482049,10.075,55231643.675,1572.5206751985877
2022-10-25,10.91,10.83,10.22,10.22,47051,7570118,10.545,79826894.31,1696.6035644300866
2022-10-26,11.5,11.08,10.75,10.8,52407,8246803,11.032499999999999,90982854.0975,1736.0820901310892
2022-10-27,11.49,11.16,11.02,11.12,44845,6803058,11.197499999999998,76177241.95499998,1698.6786030772657
2022-10-28,11.57,11.5,11.02,11.1,51421,9593253,11.2975,108379775.7675,2107.694828328893
2022-10-31,12.36,11.68,11.355,11.45,67150,12545251,11.71125,146920570.77375,2187.945953443783
2022-11-01,12.16,11.92,11.625,12.02,50502,8745142,11.93125,104340475.4875,2066.066205051285
2022-11-02,12.015,11.4,11.32,11.88,89006,14620355,11.65375,170381962.08125,1914.2750160803766
2022-11-03,12.76,12.33,11.5,11.85,124187,22831723,12.11,276492165.53,2226.417946564455
2022-11-04,12.59,12.28,11.82,12.47,68689,10887043,12.290000000000001,133801758.47000001,1947.9357461893464
2022-11-07,12.54,12.03,11.87,12.4,79528,12563825,12.209999999999999,153404303.25,1928.9345041997788
2022-11-08,11.7238,9.74,9.6,11.7238,213915,42934999,10.696900000000001,459271390.80310005,2146.980767141622
2022-11-09,9.635,8.4,8.29,9.575,188215,37581003,8.975,337289501.925,1792.04368368621
2022-11-10,9.41,9.27,8.735,9.21,128130,26896914,9.15625,246274868.8125,1922.0703099391244
2022-11-11,10.54,10.47,8.575,8.85,158569,31084373,9.60875,298681969.06375,1883.6088331499222
2022-11-14,10.28,9.56,9.54,10.0,99067,17382940,9.845,171135044.3,1727.467716797723
2022-11-15,10.4,10.15,9.721,9.91,91806,16877166,10.045250000000001,169535351.76150003,1846.6696268381154
2022-11-16,10.0212,9.32,9.27,9.84,81899,13759631,9.6128,132268580.8768,1615.0207069292665
2022-11-17,9.5706,9.47,9.03,9.13,59546,10392629,9.30015,96653008.59435001,1623.1654283134048
2022-11-18,9.6,9.19,9.1,9.55,51652,8570737,9.36,80222098.32,1553.1266615039106
2022-11-21,9.03,8.85,8.73,9.03,65995,11079188,8.91,98715565.08,1495.8036984620046
2022-11-22,9.19,9.09,8.65,8.8,45467,7808513,8.932500000000001,69749542.3725,1534.0695971253876
2022-11-23,9.5,9.46,9.01,9.01,40049,7444660,9.245,68825881.69999999,1718.541828759769
2022-11-25,9.43,9.39,9.24,9.33,14121,1823816,9.3475,17048120.06,1207.2884399121874
2022-11-28,9.54,9.19,9.07,9.3,36822,5920974,9.275,54917033.85,1491.4190932051492
2022-11-29,9.429,9.18,9.03,9.28,45230,7360015,9.22975,67931098.44624999,1501.9035694505858
2022-11-30,9.63,9.59,9.05,9.29,41162,7533446,9.39,70739057.94,1718.5524984208735
2022-12-01,10.08,9.87,9.55,9.6,55053,8576058,9.775,83830966.95,1522.7320391259332
2022-12-02,10.05,9.99,9.575,9.68,43761,8184424,9.82375,80401735.27000001,1837.2920013253813
2022-12-05,10.17,9.67,9.65,10.0,35201,4483406,9.8725,44262425.735,1257.4195544160677
2022-12-06,9.7601,9.39,9.21,9.67,44858,7658206,9.507525000000001,72810585.00015001,1623.1348923302423
2022-12-07,9.42,9.26,9.165,9.27,34140,5071047,9.278749999999999,47052977.35124999,1378.2360091168714
2022-12-08,9.56,9.52,9.155,9.43,40718,6337301,9.416250000000002,59673610.54125001,1465.533929496783
2022-12-09,9.49,9.31,9.2746,9.49,37820,5323417,9.39115,49993007.559549995,1321.8669370584346
2022-12-12,9.64,9.58,9.31,9.4,37704,6070387,9.4825,57562444.7275,1526.693314436134
2022-12-13,10.24,9.35,9.24,10.1,67486,10907230,9.7325,106154615.975,1572.9872266099635
2022-12-14,9.44,9.09,8.94,9.27,63024,11071033,9.184999999999999,101687438.10499999,1613.4716632552677
2022-12-15,9.0,8.67,8.61,8.825,57258,9036284,8.77625,79304687.455,1385.0411724999126
2022-12-16,8.72,8.61,8.365,8.57,52298,12381281,8.56625,106061148.36625001,2028.0153804399788
2022-12-19,8.56,8.2,8.03,8.56,50482,8209672,8.337499999999999,68448140.29999998,1355.8920070520182
2022-12-20,8.43,8.1,8.02,8.13,41736,6312410,8.17,51572389.7,1235.6811793176155
2022-12-21,8.235,8.17,7.97,8.17,34670,4776648,8.13625,38864002.29,1120.969203634266
2022-12-22,8.11,7.99,7.69,8.05,49400,7869711,7.960000000000001,62642899.56000001,1268.0748898785428
2022-12-23,8.0,7.95,7.76,7.99,31851,5243930,7.925,41558145.25,1304.767362092242
2022-12-27,7.93,7.7,7.68,7.85,35392,5352966,7.79,41699605.14,1178.2212121383363
2022-12-28,7.81,7.7,7.565,7.67,37759,6281967,7.68625,48284768.85375,1278.7618542268067
2022-12-29,8.15,8.05,7.735,7.77,51697,7422597,7.9262500000000005,58833359.471250005,1138.0420425024663
2022-12-30,8.17,8.14,7.76,7.85,53820,9435821,7.98,75297851.58,1399.0682196209586
