day,price,size,premium,premium*size,price*size,average,adjusted_size,weighted_price,weighted_average_premium,count,WAP_buy,WAP_sell
2021-01-27,22.928196721311476,2699.4,0.01525611013381615,0.24504011764289813,60848.71125,22.599547131147542,2049.8,22.54156895976884,9.077577152067056e-05,61,22.6180916785985,21.98211437807882
2021-01-28,20.82026442307692,3072.8,0.03855945432004971,0.4966742177934912,64827.6405,20.064234374999998,337.59999999999997,21.097253482166103,0.00016163571263781931,208,22.01707849519118,19.95036432436385
2021-01-29,16.1159756097561,394.1,-0.013900909702743259,-0.25170528484457744,6557.59025,16.384787804878048,219.1,16.6394068764273,-0.0006386837981339189,41,16.71174739073712,16.385925714285715
2021-01-30,13.993611111111111,194.5,-0.027343386471317892,-0.7121046603377573,2722.03125,14.389444444444443,114.5,13.995019280205655,-0.003661206479885642,9,14.08100485436893,13.662900000000002
2021-01-31,13.693653846153847,699.9,-0.05723553554878858,-3.4354547861776794,9517.34775,14.525000000000002,-563.3,13.59815366480926,-0.00490849376507741,13,13.632404831625184,13.594449810006335
2021-02-01,14.739027777777778,483.5,0.026750220077689905,0.050107387987814715,6980.1965,14.354865873015873,76.3,14.43680765253361,0.00010363472179485981,126,14.947325830653801,13.734970530451864
2021-02-02,12.04921875,287.8,-0.0026064429528101576,-0.5908826228839923,3154.90975,12.061207812500001,-164.6,10.962160354412786,-0.0020531015388602926,16,11.598522727272728,10.78886273209549
2021-02-03,11.44,41.0,0.017974928769725604,0.11419606079457847,470.69899999999996,11.2452,-5.0,11.480463414634146,0.0027852697754775237,8,12.033180555555555,11.047902173913043
2021-02-04,12.117,30.0,0.00399954287401374,-0.17031436202642705,352.83149999999995,12.070255,-26.199999999999996,11.76105,-0.005677145400880902,5,12.23,11.729341637010677
2021-02-05,12.41375,10.3,0.010419162923849127,-0.010016907829532943,125.7835,12.28625,6.5,12.211990291262136,-0.0009725153232556255,6,12.29047619047619,11.865
2021-02-06,13.195,0.1,-0.017499967423738938,-0.0017499967423738939,1.3195000000000001,13.430025,-0.1,13.195,-0.017499967423738938,1,,13.195
2021-02-07,13.04173076923077,462.3,-0.02891239820992375,-1.1115138109743492,6014.6410000000005,13.430025,-462.3,13.010255245511573,-0.002404312807645142,13,,13.010255245511573
2021-02-08,13.126785714285715,600.0,-0.024127078585930155,-1.4218396134259115,7790.97125,13.4507375,-572.5999999999999,12.984952083333333,-0.0023697326890431856,14,13.056204379562045,12.98328713968958
2021-02-09,13.0745,315.4,-0.014749725721108537,-0.2607471494360636,4144.659,13.268343333333332,-151.20000000000002,13.140960684844641,-0.000826718926556955,15,13.952311205846527,12.85544042006001
2021-02-10,13.321875,93.69999999999999,0.0011193849053841853,-0.3149469770939245,1225.7265,13.3071,-48.300000000000004,13.08139274279616,-0.0033612270767761424,4,13.625286343612334,12.9075
2021-02-11,12.7425,8.299999999999999,0.029522152297361364,0.08231729459481522,107.62275,12.377249999999998,8.1,12.96659638554217,0.009917746336724728,3,12.971646341463416,12.552500000000002
2021-02-12,13.0,1.0,0.001538903045256168,0.001538903045256168,13.0,12.980025,1.0,13.0,0.001538903045256168,1,13.0,
2021-02-13,12.7975,1.9000000000000001,0.0968502249839297,0.0858152989072209,24.17075,11.6675,-1.9000000000000001,12.721447368421053,0.04516594679327415,2,,12.721447368421053
2021-02-15,12.794374999999999,4.8999999999999995,0.09658238697235899,0.11644525391043484,62.60525,11.6675,-4.8999999999999995,12.776581632653063,0.023764337532741805,4,,12.776581632653064
2021-02-17,11.50625,1.1,0.0012048579967731676,-0.01145011630017272,12.532,11.4969875,-1.1,11.392727272727273,-0.010409196636520653,2,,11.392727272727273
2021-02-18,11.0425,0.1,0.032491818606825706,0.0032491818606825706,1.1042500000000002,10.695,-0.1,11.0425,0.032491818606825706,1,,11.0425
2021-02-22,11.301666666666668,19.3,-0.0018789293507218696,0.029864201167990184,220.6055,11.320825,15.1,11.430336787564766,0.0015473679361652944,3,11.500581395348838,10.855
2021-02-23,10.4225,31.6,-0.06200360888992906,-1.9593140409217584,329.351,11.111450000000001,-31.6,10.4225,-0.06200360888992906,1,,10.4225
2021-02-24,10.8425,0.1,-0.024204761754766713,-0.0024204761754766714,1.08425,11.111450000000001,0.1,10.8425,-0.024204761754766713,1,10.8425,
2021-02-25,11.946499999999999,138.2,-0.02845827949283825,-0.2877652538032117,1648.5875,12.300668333333332,115.6,11.928997829232998,-0.0020822377265065973,15,12.066107171000787,10.38924778761062
2021-03-01,10.4025,1.1,0.059681917155845365,0.06565010887142991,11.44275,9.816625,1.1,10.4025,0.05968191715584537,1,10.4025,
2021-03-04,10.13892857142857,103.1,0.03080309305670042,0.4576525822730458,1041.98675,9.836042857142857,-94.9,10.106564015518915,0.004438919323695886,7,10.265060975609758,10.1
2021-03-05,9.08,0.1,0.024296008009363046,0.0024296008009363048,0.908,8.864625,0.1,9.08,0.024296008009363046,1,9.08,
2021-03-06,9.1825,0.1,0.04257734885041131,0.0042577348850411315,0.91825,8.807500000000001,-0.1,9.1825,0.04257734885041131,1,,9.1825
2021-03-08,9.270416666666668,21.9,0.03348543618766315,0.019805602294569968,206.698,8.975066666666667,1.9000000000000004,9.438264840182649,0.0009043654015785374,12,9.672731092436974,9.15925
2021-03-09,10.0925,27.400000000000002,-0.03194007475721303,-0.20737526346041396,275.72025,10.425662500000001,-2.8000000000000007,10.06278284671533,-0.007568440272277881,4,9.9575,10.148543046357618
2021-03-10,11.1775,0.6,0.023580586080585997,0.014148351648351598,6.7065,10.92,0.6,11.1775,0.023580586080585997,1,11.1775,
2021-03-11,10.355,9.9,-0.0267857142857143,-0.2651785714285716,102.51450000000001,10.64,-9.9,10.355,-0.0267857142857143,1,,10.355
2021-03-12,10.621944444444445,99.1,-0.022441354881096418,-0.34882939452410033,1034.76775,10.859883333333334,99.1,10.441652371342078,-0.0035199737086185705,9,10.441652371342078,
2021-03-13,12.435,3.0,0.03208724809933261,0.09626174429799783,37.305,12.0484,3.0,12.435,0.03208724809933261,1,12.435,
2021-03-14,12.485,16.2,0.03623717672056026,0.5870422628730761,202.25699999999998,12.0484,16.2,12.485,0.03623717672056026,1,12.485,
2021-03-15,12.485,0.4,0.03623717672056026,0.014494870688224104,4.994,12.0484,-0.4,12.485,0.03623717672056026,1,,12.485
2021-03-16,12.19875,8.200000000000001,0.06938804135098575,0.28663873115503496,100.07875,11.407225,8.200000000000001,12.204725609756096,0.034955942823784746,2,12.204725609756096,
2021-03-17,11.3825,7.0,-0.010232685182807594,0.007423057779289201,80.94200000000001,11.49868125,3.0,11.563142857142859,0.001060436825612743,4,11.7865,11.004750000000001
2021-03-24,10.3575,2.0,0.2121123464014043,0.4242246928028086,20.715,8.545,2.0,10.3575,0.2121123464014043,1,10.3575,
2021-03-27,9.4325,1.6,0.10386190754827385,0.16617905207723815,15.091999999999999,8.545,-1.6,9.4325,0.10386190754827385,1,,9.4325
2021-03-30,8.500258620689655,1105.5,-0.019257011912743132,-0.8029455322617389,9382.96075,8.667674137931034,844.9,8.487526684758029,-0.0007263188894271722,29,8.455310192780967,8.728643514965464
2021-03-31,8.495258620689656,16016.4,-0.03848863010369196,-2.4203695509348604,139075.801,8.835021120689653,92.99999999999994,8.683337141929522,-0.00015111820077763172,116,8.432079996772071,8.93752920230604
2021-04-01,8.584999999999999,151.0,-0.013359268528605769,-0.2587103708857825,1292.696,8.704183333333335,-83.80000000000001,8.560900662251655,-0.001713313714475381,6,8.730014880952382,8.5125
2021-04-02,8.56,33.5,-0.050734682561685784,-1.6996118658164738,286.76,9.017500000000002,-33.5,8.56,-0.050734682561685784,1,,8.56
2021-04-07,8.95,1.4,-0.007485444968117871,-0.010479622955365019,12.529999999999998,9.017500000000002,-1.4,8.95,-0.007485444968117871,1,,8.95
2021-04-08,9.251666666666667,1.4,-0.0009417415178431717,-0.00025057511817656587,13.0905,9.260266666666666,1.2,9.350357142857144,-0.00017898222726897564,3,9.377307692307694,9.0
2021-04-10,9.198125000000001,220.0,0.01845213544852853,0.9686263871626681,2021.917,9.031475,220.0,9.190531818181817,0.004402847214375764,4,9.190531818181817,
2021-04-11,9.2125,2.1,0.020043791296548985,0.04209196172275287,19.34625,9.031475,2.1,9.2125,0.020043791296548985,1,9.2125,
2021-04-12,8.99,4.1,-0.004592273133679714,-0.018828319848086826,36.858999999999995,9.031475,-4.1,8.99,-0.004592273133679714,1,,8.99
2021-04-13,9.12875,33.6,0.003986802309595916,0.07728897442947642,306.91350000000006,9.0925,33.6,9.134330357142858,0.0023002670961153695,2,9.134330357142858,
2021-04-14,9.105,11.1,0.0013747594171020783,0.003814957382458267,101.06550000000001,9.0925,-11.1,9.105000000000002,0.00034368985427551957,4,,9.105000000000002
2021-04-15,8.7,12.0,-0.0018643338591711744,-0.011186003155027047,104.39999999999999,8.71625,-12.0,8.7,-0.0009321669295855872,2,,8.7
2021-04-16,8.57375,25.4,-0.0048586104471395886,-0.03001208463325292,217.8535,8.615675,21.4,8.576909448818897,-0.001181578135167438,2,8.5775,8.57
2021-04-17,8.675,42.6,0.032738095238095344,1.3946428571428617,369.55500000000006,8.4,42.6,8.675,0.032738095238095344,1,8.675,
2021-04-19,8.8125,0.3,0.049107142857142794,0.014732142857142838,2.64375,8.4,0.3,8.8125,0.049107142857142794,1,8.8125,
2021-04-20,8.377500000000001,119.1,0.00043311951063829124,0.11501510394096129,1006.8552500000001,8.373635714285715,-119.1,8.453864399664148,0.0009657019642398093,7,,8.453864399664148
2021-04-22,8.57,74.8,-0.0194508009153318,-1.0254004576659046,635.8279999999999,8.74,-74.39999999999999,8.5003743315508,-0.013708562268260758,2,8.64,8.5
2021-04-23,8.7575,7.4,-0.0289001316792572,-0.10460184350959927,64.8475,9.018125000000001,0.6000000000000001,8.763175675675674,-0.014135384258053954,2,8.8275,8.6875
2021-04-26,8.95,1.0,-0.007554231062443906,-0.007554231062443906,8.95,9.018125000000001,1.0,8.95,-0.007554231062443906,1,8.95,
2021-04-27,9.309999999999999,28.099999999999998,-0.0009126761697321739,-0.047476176472869794,257.929,9.318200000000001,-28.099999999999998,9.178967971530248,-0.001689543646721345,2,,9.178967971530248
2021-04-28,9.3875,32.400000000000006,0.029042318860141997,-0.04145234063929351,306.83299999999997,9.1671875,28.2,9.470154320987652,-0.0012793932296078243,4,9.475709570957095,9.39
2021-05-06,7.475416666666667,277.2,-0.10026628040314896,-4.576613056247602,2073.181,8.313325,257.2,7.479007936507937,-0.016510148110561337,6,7.48,7.452499999999999
2021-05-07,8.01328947368421,3305.1,-0.059039425907080535,-2.163222396504668,26398.150999999998,8.516106315789475,254.10000000000002,7.987096003146652,-0.0006545104222276688,95,7.901503849179591,8.08694509996722
2021-05-09,8.28,3.1,0.014861345181553354,0.0460701700628154,25.668,8.158750000000001,-3.1,8.28,0.014861345181553354,1,,8.28
2021-05-10,8.239166666666666,10.1,0.009856493539655528,0.003488075174913689,82.48875,8.158750000000001,-9.9,8.16720297029703,0.00034535397771422665,3,8.3875,8.165
2021-05-11,8.070625,15.100000000000001,0.004746342981637175,0.014581388110800286,121.75925000000001,8.032499999999999,-4.9,8.063526490066225,0.0009656548417748533,4,8.09985294117647,8.045
2021-05-12,8.129094202898552,5600.9,0.012063354863769889,0.21462500094674036,45463.9105,8.032192391304346,-2337.5,8.117250888250103,3.831973449744512e-05,276,8.159751792608937,8.099779174644764
2021-05-13,7.86,21.7,-0.005012364453210891,-0.04088373870522835,170.908,7.900668750000001,-8.1,7.875944700460829,-0.001884043258305454,8,7.884705882352942,7.871946308724833
2021-05-14,8.0415,12.5,-0.005193188485884281,-0.011251762923686685,100.63575,8.083565,-0.1,8.05086,-0.0009001410338949347,5,8.0625,8.03940476190476
2021-05-17,8.385,0.30000000000000004,-0.006197226159489366,-0.0006197226159489367,2.5155000000000003,8.437316666666668,0.30000000000000004,8.385,-0.002065742053163122,3,8.385,
2021-05-18,8.75,0.2,-0.02387599320617706,-0.0023875993206177062,1.75,8.964025000000001,-0.2,8.75,-0.01193799660308853,2,,8.75
2021-05-19,8.6725,0.1,-0.005162030398623618,-0.0005162030398623618,0.86725,8.717500000000001,-0.1,8.6725,-0.005162030398623617,1,,8.6725
2021-05-20,8.535,0.2,-0.020934901061084144,-0.0020934901061084145,1.707,8.717500000000001,0.2,8.535,-0.010467450530542072,2,8.535,
2021-05-21,8.737499999999999,0.30000000000000004,0.0011458034947007996,0.00011458034947007997,2.6212500000000003,8.7275,0.30000000000000004,8.737499999999999,0.00038193449823359984,3,8.737499999999999,
2021-05-23,8.755833333333333,58.5,0.018120155038759744,-0.17873062015503738,498.48875,8.6,-56.5,8.521175213675214,-0.003055224276154485,3,8.876249999999999,8.515
2021-05-24,8.649166666666668,0.7,0.005717054263565983,-9.689922480611944e-06,6.01975,8.6,0.7,8.599642857142857,-1.3842746400874207e-05,3,8.599642857142857,
2021-05-25,8.62,14.5,-0.0011587485515642815,-0.01680185399768208,124.99,8.629999999999999,14.5,8.62,-0.0011587485515642815,1,8.62,
2021-05-26,9.441521739130435,129.7,-0.008756523701845128,-0.15913576232684412,1130.301,9.521013043478261,125.7,8.71473400154202,-0.0012269526779247813,23,8.70638997650744,9.247499999999999
2021-05-27,9.56784090909091,1961.3,-0.01059739332028487,-1.4244303106433434,18531.79825,9.670620454545455,-111.50000000000003,9.448732090960078,-0.0007262684498258009,22,9.606166882906262,9.308234754920882
2021-05-28,10.514621212121213,3150.9,-0.0016799561157111436,0.010260660107642988,33245.0135,10.53182462121212,-1403.7,10.550957980259609,3.256422008836519e-06,66,11.311743074633696,10.259111557546216
2021-05-29,10.15,6.7,-0.061054579093431816,-0.2045328399629966,68.00500000000001,10.809999999999999,6.7,10.15,-0.030527289546715908,2,10.15,
2021-05-30,10.0075,32.7,-0.07423681776133195,-2.4275439407955552,327.24525000000006,10.809999999999999,-32.7,10.0075,-0.07423681776133195,1,,10.0075
2021-05-31,10.345,104.7,-0.043015726179463254,-4.503746530989803,1083.1215000000002,10.809999999999999,104.7,10.345000000000002,-0.043015726179463254,1,10.345000000000002,
2021-06-01,11.16179,9585.7,0.00464227464737744,0.12037752408846265,106736.605,11.109801,-8262.1,11.134982839020623,1.2558031660542542e-05,250,10.777887579329102,11.161465166575153
2021-06-02,14.439040697674418,2657.3,0.004857647590428687,0.30156966940079843,35050.86075,14.37239534883721,-1997.1000000000001,13.190404075565423,0.00011348724999089241,86,14.788813238412603,12.96367888449639
2021-06-03,17.4225,15810.8,0.005620998004204728,-0.12434658023145685,264020.40025,17.326860294117647,9704.6,16.69873758759835,-7.864660879364539e-06,221,16.47417297004946,17.63710450034391
2021-06-04,15.784121287128713,7749.5,-0.011448991554926546,-0.7065532304252992,125211.5525,15.983976485148515,2090.7,16.157371765920384,-9.117404096074575e-05,202,16.298988435194406,15.911111719799255
2021-06-05,13.387222222222222,111.6,-0.041029926774912524,-0.54788482967208,1489.0997499999999,13.96,-25.599999999999998,13.343187724014337,-0.004909362273047312,9,13.447029069767442,13.278097667638482
2021-06-06,13.493571428571428,68.3,-0.0334117887842817,-0.32569842406876875,921.64075,13.959999999999999,68.3,13.49400805270864,-0.004768644569088855,7,13.494008052708637,
2021-06-07,15.045122950819673,537.7,0.0027596573754582157,0.05146106216916869,8015.42275,15.003434016393443,169.3,14.906867677143387,9.570589951491293e-05,61,14.859110325318248,14.998519272529855
2021-06-08,16.37938311688312,1466.5,0.0001846577811121584,-0.06100395945265686,24101.481499999998,16.37812077922078,809.9,16.434695874531194,-4.1598335801334375e-05,77,16.503047135828506,16.197725403594273
2021-06-09,15.29177966101695,1114.4,0.004701891613111317,0.09359376615232837,16972.40725,15.220086016949152,-413.6,15.230085472002871,8.398579159397736e-05,59,15.21145119863014,15.238631871727751
2021-06-10,14.466296296296296,783.9,0.004379090955245061,0.12924586591970458,11327.42075,14.403117592592592,-564.3,14.450083875494323,0.00016487545084794563,27,15.1911543715847,14.329375463581071
2021-06-11,13.9934,708.0,0.00013584654939886588,-0.011248487469856645,9905.9445,13.991545999999998,642.6,13.991447033898304,-1.5887694166464187e-05,25,13.999944469124834,13.81596330275229
2021-06-14,14.432083333333333,28.7,-0.001918088095138104,-0.0033635115509683144,415.50725,14.460377083333334,-14.5,14.477604529616725,-0.00011719552442398309,12,14.231197183098594,14.558599537037036
2021-06-15,13.920092592592594,977.2,0.002514424777711807,0.10394785718052094,13500.1465,13.885230555555555,394.40000000000003,13.815131498158003,0.00010637316535051261,27,13.836706765820942,13.764354838709679
2021-06-16,13.330416666666666,643.4,0.0025991766736218613,0.0475195109363798,8580.595,13.294945833333335,628.6,13.336330432079576,7.385687120979142e-05,24,13.342397012578616,12.814932432432432
2021-06-17,13.15125,76.8,0.0031846746222963704,0.0033740259762570796,960.3459999999999,13.114660416666666,-62.4,12.504505208333333,4.393262989918073e-05,12,13.91260416666667,12.358839798850575
2021-06-18,13.487857142857143,716.8000000000001,0.013102310633286913,3.196599647023998,10000.019500000002,13.310510714285714,-1.1324274851176597e-14,13.95092006138393,0.004459541918281247,7,13.997433733258928,13.904406389508932
2021-06-19,12.80625,8.700000000000001,0.02532025620496392,0.0910928742994394,110.9385,12.49,-8.1,12.75155172413793,0.010470445321774642,2,12.865,12.7475
2021-06-21,12.5625,40.4,0.005804643714971913,0.2345076060848653,507.525,12.49,40.4,12.5625,0.005804643714971913,1,12.5625,
2021-06-22,12.834722222222222,36.0,-0.010305103346037169,-0.02321188994996433,465.24425,12.965619444444444,17.8,12.92345138888889,-0.0006447747208323425,9,13.069098513011154,12.492912087912087
2021-06-23,13.208888888888888,41.0,0.005446508392439641,0.012197568145232339,537.81325,13.137463888888888,27.0,13.117396341463415,0.00029750166207883754,9,13.111448529411764,13.146285714285714
2021-06-24,13.02375,0.8,0.0028861254867904584,0.0012016334821687736,10.428749999999999,12.98625,0.8,13.035937499999998,0.001502041852710967,2,13.035937499999998,
2021-06-25,11.9725,62.4,0.0036655063072277283,0.10100974324689847,749.17525,11.928775,-62.4,12.006013621794873,0.0016187458853669627,4,,12.006013621794873
2021-06-26,12.1425,1.2000000000000002,-0.05210957824047968,-0.03126574694428781,14.571000000000002,12.810025000000001,1.2000000000000002,12.1425,-0.02605478912023984,2,12.1425,
2021-06-29,12.542499999999999,2.5,-0.0006250005835497877,-0.0021033511559764256,31.66075,12.550541666666668,-1.1,12.6643,-0.0008413404623905703,3,12.411785714285715,12.7625
2021-06-30,12.2325,1.1,0.00034755586449414233,0.0006511561343609917,13.466999999999999,12.22825,1.1,12.24272727272727,0.0005919601221463561,2,12.24272727272727,
2021-07-01,12.103690476190476,184.3,-0.0005063289068373278,-0.018781110557045982,2231.4915,12.109875,-10.299999999999997,12.107930005425935,-0.00010190510340231135,21,12.161594827586207,12.05994604316547
2021-07-02,11.981935483870968,78.0,-0.008543782063098188,-0.03976581575466465,934.0872499999999,12.086138709677419,7.1999999999999975,11.975477564102563,-0.0005098181507008289,31,11.978843896713615,11.971426553672316
2021-07-04,11.9425,5.3,-0.005620316402997427,-0.029787676935886364,63.29525,12.01,-5.3,11.9425,-0.005620316402997427,1,,11.9425
2021-07-06,12.173125,89.69999999999999,-0.0046044579776644,0.004982289547110907,1102.5774999999999,12.229881250000002,-40.49999999999999,12.291833890746934,5.554391914281948e-05,4,12.21729674796748,12.32
2021-07-07,11.959615384615384,216.2,0.001165409927803494,0.019539264026898255,2586.8284999999996,11.945532692307694,-48.0,11.964979185938944,9.037587431497806e-05,13,12.0275,11.92517600302801
2021-07-08,11.0525,28.2,0.008900045641259494,0.14366347177848574,313.65250000000003,10.955000000000004,-28.2,11.122429078014186,0.005094449353847012,3,,11.122429078014186
2021-07-09,11.57,7.9,0.024392403382176964,0.13104608437735107,92.18674999999999,11.294500000000001,-5.699999999999999,11.669208860759491,0.016588111946500134,2,11.4325,11.7075
2021-07-12,11.6725,52.5,0.03346761698171674,0.595916891702451,613.153,11.294500000000001,-52.5,11.679104761904762,0.011350797937189542,3,,11.679104761904762
2021-07-13,11.180000000000001,17.8,-0.00625609440340682,-0.03679099967452558,198.94250000000002,11.250600000000002,-17.0,11.176544943820225,-0.002066910094074471,5,11.302499999999998,11.17364942528736
2021-07-14,10.512857142857143,492.59999999999997,-0.0060199182775034455,-0.18125592071417262,5200.4585,10.575730357142858,-118.19999999999999,10.557163012586278,-0.00036795761411728104,14,10.726539797008547,10.453340700720368
2021-07-15,10.31603448275862,1148.3,-0.0025736178724004174,0.06946430650017962,11943.53275,10.342586206896552,-1017.9,10.401056126447793,6.049316946806551e-05,29,10.286886503067487,10.407928861600961
2021-07-16,10.255789473684212,1363.6,-0.00029784762406577004,-0.10622198710638102,13916.52,10.258789473684208,311.6,10.205720152537403,-7.789820116337711e-05,19,10.272500000000006,10.099380228136884
2021-07-17,10.614583333333334,94.80000000000001,0.06565434732592916,1.0533977536550163,1007.22225,9.960625,94.80000000000001,10.624707278481011,0.01111179065036937,6,10.624707278481013,
2021-07-18,9.9975,8.6,0.003702076927903697,0.015918930789985897,85.9785,9.960625,-8.6,9.9975,0.0018510384639518487,2,,9.9975
2021-07-19,9.9775,9.7,0.0016941707975151044,0.01643345673589651,96.78174999999999,9.960625,9.7,9.9775,0.0016941707975151041,1,9.9775,
2021-07-20,10.295,0.5,-0.0242885338501746,-0.001878327500704924,5.236,10.551275,0.5,10.472,-0.003756655001409848,2,10.472,
2021-07-21,10.655227272727274,147.6,0.019890560486445382,0.27822854897490207,1567.83375,10.44885,-138.6,10.622179878048781,0.0018850172694776565,11,10.712277777777778,10.619346610761706
2021-07-24,10.237916666666667,99.19999999999999,-0.009616446550082647,-0.16997692020582325,1014.92,10.337325,99.19999999999999,10.231048387096775,-0.0017134770182038637,6,10.231048387096774,
2021-07-26,10.259166666666667,103.39999999999999,-0.002823236260271589,0.17373798200356913,1074.10575,10.288549999999999,101.2,10.38786992263056,0.0016802512766302625,3,10.389540566959921,10.2325
2021-07-27,9.8655,315.0,-0.04742638104328998,-1.4803313483837677,3074.2797499999997,10.37461,-171.4,9.759618253968252,-0.004699464598043707,5,9.85,9.73293482730263
2021-07-28,10.805,314.6,0.0013472372031891223,-0.5246585784440737,3387.4175,10.790890000000001,-295.6,10.767379211697392,-0.0016677005036365977,5,10.786236842105264,10.76679203539823
2021-07-29,10.608648648648648,1118.7,-0.009423293129732615,-0.3992739034573313,11861.6845,10.710585135135135,-1105.3,10.603096898185393,-0.00035690882583117126,37,10.484850746268657,10.603809352517986
2021-07-30,10.235625,1687.6,0.014666108617470528,0.4847705623881666,17258.037,10.088099999999999,1376.6,10.226378881251483,0.00028725442189391246,44,10.232253116637294,10.168501607717042
2021-08-02,10.237857142857141,199.29999999999998,0.016692247317642833,0.3474601018366473,2039.004,10.070485714285715,199.29999999999998,10.230827897641747,0.001743402417644994,7,10.230827897641747,
2021-08-03,9.995,100.0,-0.002539806096532704,-0.2539806096532704,999.4999999999999,10.02045,100.0,9.995,-0.002539806096532704,1,9.995,
2021-08-04,9.90375,499.1,-0.026457144816473432,-6.5147451305849176,4938.247,10.180043750000001,499.1,9.89430374674414,-0.013052985635313399,4,9.89430374674414,
2021-08-05,10.369166666666667,118.10000000000001,-0.009673347305171128,-0.061575248645702456,1235.9584999999997,10.47025,-84.3,10.465355630821335,-0.0005213822916655585,6,10.514778106508876,10.457102272727273
2021-08-06,10.3475,4.7,0.0006092136309132634,0.002863304065292338,48.633250000000004,10.3412,-4.7,10.3475,0.0006092136309132634,1,,10.3475
2021-08-08,10.270833333333334,29.7,-0.006804497221470214,-0.08956536314289905,304.35499999999996,10.3412,-13.3,10.247643097643097,-0.003015668792690204,3,10.254573170731707,10.245
2021-08-09,10.31,8.3,-0.0030170579816656273,-0.02504158124782471,85.57300000000001,10.3412,-8.3,10.31,-0.0030170579816656273,1,,10.31
2021-08-11,10.35625,0.4,0.0033060139525035726,0.00033060139525035727,4.1425,10.32215,0.2,10.35625,0.0008265034881258931,4,10.370833333333332,10.3125
2021-08-12,10.3575,0.3,0.004363636363636347,0.001309090909090904,3.10725,10.3125,0.3,10.3575,0.004363636363636347,1,10.3575,
2021-08-13,9.973749999999999,1.1,0.0017835605355437378,0.0006426134659734961,11.033000000000001,9.95605,-1.1,10.030000000000001,0.0005841940599759055,2,,10.030000000000001
2021-08-14,9.880833333333333,2.0,0.0061948404616428325,0.0029022403258655537,19.7255,9.82,-1.6,9.86275,0.0014511201629327768,3,9.9325,9.855
2021-08-15,9.93,10.0,0.011201629327902252,0.11201629327902252,99.3,9.82,10.0,9.93,0.011201629327902252,1,9.93,
2021-08-16,9.782045454545456,15.2,0.002169102102096784,0.0013335301247002472,147.16225,9.760745454545456,-7.6,9.681726973684212,8.773224504606889e-05,11,9.887565789473685,9.61311403508772
2021-08-17,9.67125,45.099999999999994,0.0024471836506678724,0.04538989423968031,436.6285,9.648225,44.5,9.681341463414634,0.0010064278101924683,4,9.681551339285713,9.65
2021-08-18,10.039,65.80000000000001,0.0010485430693439434,0.010454261467277261,657.207,10.028305,-6.399999999999999,9.987948328267475,0.0001588793536060374,5,10.159166666666666,9.847084487534627
2021-08-19,9.5725,0.5,0.00222483968067011,0.001112419840335055,4.78625,9.55125,-0.5,9.5725,0.00222483968067011,1,,9.5725
2021-08-21,9.675,0.6,-0.07493946470786494,-0.04496367882471897,5.805000000000001,10.458775000000001,0.6,9.675,-0.07493946470786494,1,9.675,
2021-08-23,9.645,33.5,-0.07780786946846086,-1.3032818135967192,323.10749999999996,10.458775000000001,-13.100000000000001,9.645,-0.03890393473423043,2,9.645,9.645
2021-08-24,10.674583333333333,11.1,-0.007300026939232818,-0.05699674999463502,112.691,10.751379166666666,-10.1,10.152342342342342,-0.005134842341859011,6,10.785,10.1225
2021-08-25,11.241666666666667,486.20000000000005,0.0030839196041188566,0.06887216462353765,5371.92425,11.206970833333333,426.8,11.048795248868778,0.00014165397906939047,18,11.047392661555312,11.070353535353533
2021-08-26,11.004583333333334,20.8,-0.0009069663330784072,-0.0009314260233630024,228.866,11.014589583333333,-0.7999999999999998,11.003173076923078,-4.478009727706742e-05,12,11.02,10.987592592592593
2021-08-27,10.94625,4.0,-0.0023613063945575608,-0.0047226127891151215,43.785,10.9719375,0.0,10.94625,-0.0011806531972787804,2,11.045,10.8475
2021-08-30,11.2125,1.9000000000000001,-0.00035460023146368275,-0.001008681584426948,21.43325,11.216983333333333,-1.1,11.280657894736843,-0.0005308850444352358,3,11.0075,11.353500000000002
2021-08-31,11.325357142857143,118.6,-0.04486608366480344,-0.7494111247454113,1344.0795,11.85735,118.6,11.332879426644183,-0.006318812181664513,7,11.332879426644183,
2021-09-01,11.93421052631579,663.3,0.006482099821274486,0.9344204005820937,8075.4955,11.85735,663.3,12.17472561435248,0.001408744761920841,19,12.174725614352482,
2021-09-02,11.105,1.9,-0.0016384636649892093,-0.0031130809634794974,21.0995,11.123225,-1.9,11.105,-0.0016384636649892093,1,,11.105
2021-09-03,11.3325,2.2,-0.004141173369069828,-0.0019409690565375117,24.991,11.379625,-1.4,11.359545454545453,-0.0008822586620625052,2,11.29,11.375
2021-09-04,11.1025,23.6,0.006687067890740028,0.15781480222146468,262.019,11.02875,23.6,11.1025,0.006687067890740028,1,11.1025,
2021-09-06,11.0225,50.0,-0.0005667006687067877,-0.014167516717669693,551.125,11.02875,11.0,11.0225,-0.00028335033435339385,2,11.0225,11.0225
2021-09-07,11.01375,66.8,0.0015601348914555113,0.018021764485878576,737.4639999999999,10.99663125,66.8,11.039880239520958,0.0002697868935011763,4,11.039880239520958,
2021-09-08,10.565,32.9,0.008591885441527447,0.12318615751789981,347.20824999999996,10.475,-32.9,10.55344224924012,0.003744260106927046,2,,10.55344224924012
2021-09-12,10.431000000000001,119.2,0.016119487313118297,0.38321313327861606,1243.32,10.265525,-119.2,10.430536912751677,0.0032148752791830207,5,,10.430536912751679
2021-09-13,10.574729729729729,1122.1,0.030120693265052557,1.0893609527612627,11932.7115,10.265525,-169.3,10.634267444969254,0.0009708234139214533,37,10.911126154492022,10.429999999999998
2021-09-14,10.180833333333334,519.8000000000001,0.00026117216890238676,0.29173846520572944,5339.8144999999995,10.178016666666666,480.2,10.272825125048094,0.0005612513759248353,3,10.284124,9.9875
2021-09-16,10.1575,1.3,0.011577243869040243,0.015050417029752317,13.20475,10.04125,1.3,10.1575,0.011577243869040243,1,10.1575,
2021-09-17,10.0475,1.9,0.000622432466077294,0.0011826216855468584,19.090249999999997,10.04125,1.9,10.0475,0.000622432466077294,1,10.0475,
2021-09-20,9.55,18.3,0.004734350341925486,0.0866386112572364,174.76500000000001,9.504999999999999,18.3,9.55,0.004734350341925486,1,9.55,
2021-09-23,10.469166666666666,8.8,-0.05041356858707927,-0.07860274815438016,94.42,11.024975000000003,8.8,10.729545454545454,-0.008932130472088655,3,10.729545454545452,
2021-09-29,9.6275,296.0,0.001107431227480915,0.26193088173362744,2851.6254999999996,9.61685,296.0,9.63386993243243,0.0008849016274784711,2,9.63386993243243,
2021-10-04,9.566666666666668,10.1,0.007830916475378332,0.0260723227035048,96.65675000000002,9.492083333333333,-3.9000000000000004,9.569975247524754,0.0025814180894559212,3,9.434435483870967,9.63
2021-10-05,9.5325,3.0,0.0003935458480914811,0.0011806375442744432,28.597500000000004,9.528749999999999,3.0,9.5325,0.0003935458480914811,1,9.5325,
2021-10-06,9.3275,26.3,0.0013153216085711368,0.011185300213647867,245.70075000000003,9.315241666666667,11.900000000000002,9.342233840304184,0.0004252965860702611,3,9.36,9.295104166666667
2021-10-10,9.435,0.1,-0.07511787713330642,-0.007511787713330643,0.9435000000000001,10.2013,0.1,9.435,-0.07511787713330642,1,9.435,
2021-10-13,9.73,9.6,-0.04619999411839659,-0.4435199435366073,93.408,10.2013,9.6,9.73,-0.04619999411839659,1,9.73,
2021-10-14,10.21,1.0,0.0008528324821346356,0.0008528324821346356,10.21,10.2013,1.0,10.21,0.0008528324821346356,1,10.21,
2021-10-15,10.2475,5.3,0.012441245557138991,0.03296930072641833,54.31175,10.121575000000002,-5.3,10.2475,0.0062206227785694965,2,,10.2475
2021-10-19,11.014038461538462,163.0,0.0022204834240565972,-0.027846802918029753,1708.2665,10.989582692307692,-28.599999999999994,10.480162576687116,-0.000170839281705704,13,10.174747023809523,10.694399791231733
2021-10-20,11.18,129.6,0.005027257617512326,-0.031130115665708898,1442.827,11.124395,-28.8,11.13292438271605,-0.00024020150976627238,5,11.259305555555557,11.052499999999998
2021-10-21,10.1734375,259.2,-0.13334760228388387,-4.612054707582346,2609.5715,11.738774999999999,-259.2,10.067791280864197,-0.01779342093974671,8,,10.067791280864197
2021-10-24,10.955,1.0,0.03544423440453692,0.03544423440453692,10.955,10.58,1.0,10.955,0.03544423440453692,1,10.955,
2021-10-25,10.668928571428571,22.9,-0.005333101228343454,-0.018546295599442517,244.294,10.728571428571428,-11.5,10.667860262008734,-0.0008098819039057868,7,10.605,10.688691860465118
2021-10-27,10.9175,0.4,0.0076142131979695105,0.003045685279187804,4.367,10.835,0.4,10.917499999999999,0.0076142131979695105,1,10.917499999999999,
2021-10-28,10.366,6.499999999999999,-0.03590285508488307,0.0008668756373922208,69.767,10.75042,6.3,10.733384615384617,0.0001333654826757263,5,10.733164062500002,10.7475
2021-10-29,10.728174157303371,19939.4,-0.026481473928913733,-5.846303452354248,213998.2505,11.02,31.600000000000012,10.7324317933338,-0.00029320357946348676,89,10.764658129287465,10.700103150523912
2021-11-01,11.2275,4.4,-0.0038548552861919216,-0.002623142467521789,49.639,11.27090625,-3.6,11.281590909090909,-0.0005961687426185884,4,11.2275,11.287
2021-11-02,11.9140625,1666.0,0.0022594625738424634,0.3263274094203597,19987.759000000002,11.887034375,-1636.0,11.997454381752702,0.000195874795570444,16,11.988716666666669,11.997533767413689
2021-11-03,12.009485294117647,2514.4,0.0034693122769010776,0.13483405986099312,30121.818249999997,11.967968382352941,-2135.8,11.979724089245941,5.362474541083086e-05,68,11.659012150026411,12.005835125370956
2021-11-04,11.301590909090908,1842.8,0.0024248063772874403,-0.9521216596508064,20226.290749999996,11.273461363636365,-1842.3999999999999,10.975846944866506,-0.0005166711849635372,11,11.531250000000002,10.97578666015413
2021-11-05,11.246666666666666,148.7,0.006398442577205306,0.12492112262226386,1674.953,11.175133333333333,148.7,11.263974445191662,0.0008400882489728572,9,11.263974445191659,
2021-11-08,11.221428571428572,121.6,0.0023709809959226685,0.07719020988007817,1359.604,11.1951,-120.0,11.180953947368423,0.0006347879101980113,7,11.265,11.180397350993378
2021-11-09,11.255,20.0,0.0013345195729537185,0.02669039145907437,225.10000000000002,11.24,20.0,11.255,0.0013345195729537185,1,11.255,
2021-11-10,10.418452380952381,742.1,-0.0194754181550764,-0.5441993829953956,7783.8085,10.625670238095237,-742.1,10.488894353860665,-0.0007333235183875429,21,,10.488894353860667
2021-11-11,10.66375,33.0,-0.025696665143901398,-0.4266331658291469,351.846,10.945,33.0,10.662,-0.01292827775239839,2,10.662,
2021-11-13,10.7475,1.9,-0.0180447693010507,-0.03428506167199633,20.42025,10.945,-1.9,10.7475,-0.0180447693010507,1,,10.7475
2021-11-14,10.838750000000001,0.8,-0.009707629054362732,-0.003883051621745093,8.671,10.945,0.8,10.83875,-0.004853814527181366,2,10.83875,
2021-11-15,10.965,0.4,0.00182731841023287,0.000730927364093148,4.386,10.945,-0.4,10.965,0.00182731841023287,1,,10.965
2021-11-16,11.19,176.0,0.0014543013759927097,0.04265950702911914,1969.4399999999998,11.17375,-176.0,11.19,0.00024238356266544965,6,,11.19
2021-11-17,11.310166666666667,1451.3000000000002,0.015889730364596295,0.9206741465467883,16256.82925,11.133071666666666,1406.5,11.20156359815338,0.0006343789337468395,15,11.202920603261251,11.115
2021-11-18,10.86047619047619,694.6,0.017055129140693636,0.21422730391271683,7472.918,10.678809523809523,98.99999999999999,10.758591995393031,0.0003084182319503553,21,10.911172505040323,10.555287944929484
2021-11-19,10.5775,3.0,0.03396871945259039,0.10190615835777117,31.7325,10.23,3.0,10.5775,0.03396871945259039,1,10.5775,
2021-11-22,10.173333333333334,316.8,0.002295430618131237,-0.17074770832089392,3233.6040000000003,10.1502,-300.0,10.207083333333333,-0.0005389763520230237,3,10.175,10.207957198443582
2021-11-23,9.988333333333333,14.299999999999999,-0.00047105800989621915,-0.0030815813214895792,142.874,9.993041666666667,0.09999999999999964,9.991188811188811,-0.0002154951973069636,3,10.026875,9.955
2021-11-24,10.152500000000002,3.7,-0.003208430172110468,-0.0008718327905965206,37.56925,10.185165384615384,-2.9,10.15385135135135,-0.00023563048394500553,13,10.225,10.14522727272727
2021-11-25,10.155833333333334,5.3999999999999995,0.017618570474281874,0.05263026052104191,55.467749999999995,9.98,4.2,10.271805555555556,0.009746344540933687,3,10.295,10.08625
2021-11-26,9.92047619047619,453.6,-0.005277297737961441,-0.07760401238612027,4508.5605,9.973145238095238,449.2,9.939507275132273,-0.0001710846833909177,21,9.939743021710235,9.891136363636363
2021-11-29,10.075,0.5,0.02853613530737409,0.014268067653687044,5.0375,9.795475,-0.5,10.075,0.02853613530737409,1,,10.075
2021-11-30,9.6675,56.8,0.00045289212795390776,-0.04064538840260712,541.2315,9.662749999999999,-55.8,9.528723591549296,-0.000715587823989562,4,9.955,9.5249378330373
2021-12-01,9.029722222222222,1378.3,-0.018328588339549964,-2.47040665837986,12433.49075,9.197755555555554,-879.5,9.020888594645578,-0.0017923577293621565,9,9.03897353648757,9.016893214633715
2021-12-02,9.1009375,6.3,-0.01014217974695332,-0.011635057330067254,56.984,9.193665625,-3.3,9.045079365079365,-0.0018468344968360722,8,9.2075,8.994322916666665
2021-12-03,8.8225,1.0,-0.010553349931588352,-0.005276674965794176,8.8225,8.9166,0.0,8.8225,-0.005276674965794176,2,9.3375,8.3075
2021-12-04,8.295,0.5,-0.06971267074894028,-0.03485633537447014,4.1475,8.9166,-0.5,8.295,-0.06971267074894028,1,,8.295
2021-12-06,8.955,4.5,-0.00948643583384659,-0.014493290814664647,39.85375,9.0417375,-2.5,8.856388888888889,-0.0032207312921476994,4,9.00625,8.813571428571429
2021-12-07,9.387500000000001,3.6,0.00042117467409238013,0.000712610618460019,33.800749999999994,9.3834,2.6,9.38909722222222,0.00019794739401667193,3,9.407499999999999,9.275
2021-12-12,8.8875,0.5,0.013837238484177838,0.006918619242088919,4.44375,8.7662,0.5,8.8875,0.013837238484177838,1,8.8875,
2021-12-14,8.678333333333333,1.5,-0.006435898561697388,-0.003217949280848694,13.0175,8.734816666666667,0.5,8.678333333333333,-0.002145299520565796,3,8.65625,8.7225
2021-12-15,8.620000000000001,1.0,-0.03552447552447546,-0.01776223776223773,8.620000000000001,8.9375,-1.0,8.620000000000001,-0.01776223776223773,2,,8.620000000000001
2021-12-16,9.054583333333333,1.7,-0.004332925616008769,-0.0015267500788359405,15.41175,9.094166666666666,-0.1,9.065735294117648,-0.0008980882816682003,6,9.049062500000002,9.080555555555554
2021-12-17,8.9025,9.3,-0.01129712185742901,-0.02235808811889855,83.16075000000001,9.004375,3.3,8.942016129032258,-0.002404095496655758,4,8.979880952380952,8.8625
2021-12-21,9.5225,23.4,0.016275346851654104,0.19042155816435302,222.8265,9.370000000000001,5.0,9.5225,0.008137673425827052,2,9.5225,9.5225
2021-12-22,8.914285714285715,22.900000000000002,0.018793742817729293,0.012035118049603116,201.69325,8.750692857142857,2.1,8.807565502183406,0.0005255510065328872,7,8.78994,8.828750000000001
2021-12-24,9.434166666666668,7.0,0.0011053632223548826,0.002051554140690652,66.02425,9.42375,2.8,9.432035714285714,0.00029307916295580745,3,9.450051020408162,9.39
2021-12-25,9.42,7.699999999999999,-0.00039793076004773775,-0.0013330680461599133,72.53774999999999,9.42375,0.10000000000000009,9.420487012987012,-0.00017312572028050824,2,9.4575,9.3825
2021-12-27,9.405000000000001,5.4,-0.0019896538002387443,-0.0013927576601670665,50.86200000000001,9.42375,1.0,9.41888888888889,-0.00025791808521612343,2,9.48,9.33
2021-12-28,9.455,9.8,-0.0021108179419524475,-0.020686015831133987,92.659,9.475,-9.8,9.455,-0.0021108179419524475,1,,9.455
2021-12-30,9.083990384615385,741.4,0.02009712321025315,0.2931209431667038,6737.9185,8.905025,-702.1999999999999,9.088101564607499,0.00039536140162760156,52,9.10404336734694,9.087668675533386
2022-01-05,9.04,2.7,0.017608061255446856,0.009667861138655623,24.28875,8.883316666666667,2.7,8.995833333333334,0.0035806893106131938,3,8.995833333333334,
2022-01-12,9.2725,1.0,0.021537953068194504,0.021537953068194504,9.2725,9.077,1.0,9.2725,0.021537953068194504,1,9.2725,
2022-01-13,8.9575,1.3,-0.013165142668282503,-0.017114685468767255,11.64475,9.077,1.3,8.9575,-0.013165142668282503,1,8.9575,
2022-01-14,8.8925,1.2,-0.020326098931364944,-0.024391318717637934,10.671,9.077,-1.2,8.8925,-0.020326098931364944,1,,8.8925
2022-01-18,9.0725,2.4,-0.0004957585105210827,-0.0011898204252505983,21.773999999999997,9.077,2.4,9.0725,-0.0004957585105210827,1,9.0725,
2022-01-22,8.475,3.0,0.12103174603174582,0.36309523809523747,25.424999999999997,7.5600000000000005,-3.0,8.475,0.12103174603174582,1,,8.475
2022-01-27,7.5,5.0,-0.00793650793650802,-0.0396825396825401,37.5,7.5600000000000005,-5.0,7.5,-0.00793650793650802,1,,7.5
2022-01-31,7.595,0.5,-0.018961998501640487,-0.009480999250820243,3.7975,7.7418000000000005,0.5,7.595,-0.018961998501640487,1,7.595,
2022-02-02,7.9325,14.8,0.021844525739825798,0.053884080043010485,116.23124999999999,7.7630333333333335,10.2,7.853462837837837,0.00364081621912233,3,7.7805,8.25
2022-02-03,7.5375,1336.8000000000002,0.005502751375687898,3.6564282141070885,10075.806,7.49625,1336.8000000000002,7.537257630161579,0.0027352096155798086,2,7.537257630161579,
2022-02-05,7.3875,0.1,0.05328818392443413,0.005328818392443414,0.73875,7.01375,0.1,7.3875,0.053288183924434136,1,7.3875,
2022-02-08,7.26,0.1,0.035109606130814486,0.003510960613081449,0.726,7.01375,0.1,7.26,0.035109606130814486,1,7.26,
2022-02-12,7.0875,0.1,0.010515059704152563,0.0010515059704152563,0.7087500000000001,7.01375,0.1,7.0875,0.010515059704152563,1,7.0875,
2022-02-13,7.0575,2.0,0.006237747282124451,0.006237747282124451,14.115,7.01375,0.0,7.0575,0.0031188736410622253,2,7.085,7.03
2022-02-14,6.980833333333333,1336.8,-0.004693162240836453,-2.817715202281238,9316.692749999998,7.013749999999999,-1336.8,6.969399124775583,-0.002107806105835756,3,,6.969399124775585
2022-02-15,7.1525,2.0,0.00199628760550552,0.00399257521101104,14.305,7.13825,2.0,7.1525,0.00199628760550552,1,7.1525,
2022-02-25,6.5962499999999995,0.2,0.06391129032258058,0.006391129032258059,1.31925,6.2,0.0,6.5962499999999995,0.03195564516129029,2,6.7175,6.475
2022-03-12,6.3725,48.0,0.0278225806451613,0.4451612903225808,305.88,6.2,48.0,6.3725,0.0092741935483871,3,6.3725,
2022-03-16,6.3475,12.8,0.007270970260129406,0.0465342096648282,81.24800000000002,6.3025,12.8,6.347500000000001,0.003635485130064703,2,6.347500000000001,
2022-03-18,6.9025,87.30000000000001,-0.01684674848220326,-0.24998969987670325,602.3820000000001,7.0207625,87.30000000000001,6.900137457044673,-0.0028635704453230607,6,6.900137457044674,
2022-03-20,6.9675,1.3,-0.02756454989532453,-0.011595719934868588,9.06525,7.165,-0.30000000000000004,6.973269230769231,-0.008919784565283528,3,7.0425,6.930000000000001
2022-03-21,7.1275,45.6,-0.002621949326526892,-0.05746341081525494,324.366,7.146249999999999,5.6,7.11328947368421,-0.0012601625178783977,3,7.127578125,7.095000000000001
2022-03-22,7.29,5.6,-0.030414268471505967,-0.1703199034404334,40.824,7.518675,5.6,7.29,-0.030414268471505967,1,7.29,
2022-03-24,7.55,3.9000000000000004,0.004166292598097421,0.005416180377526648,29.445,7.518674999999999,3.9000000000000004,7.55,0.0013887641993658069,3,7.55,
2022-03-25,7.3851249999999995,879.6,0.0019498187227435348,0.08173111325352259,6495.920249999999,7.37075375,-879.6,7.385084413369713,9.291850074297701e-05,20,,7.385084413369713
2022-03-28,7.452857142857143,7.0,0.008505702687028866,0.008505702687028866,52.17,7.39,7.0,7.452857142857143,0.0012151003838612665,7,7.452857142857143,
2022-03-29,7.813750000000001,4.9,-0.011543327008222803,-0.029000632511069335,38.275999999999996,7.905000000000001,4.9,7.8114285714285705,-0.005918496430830476,2,7.8114285714285705,
2022-03-30,7.863333333333333,25.1,0.05850019630938356,0.5032755622861631,197.67775000000003,7.42875,25.1,7.875607569721116,0.02005081921458817,3,7.875607569721116,
2022-03-31,7.31375,107.7,0.004679544539892083,-0.05443785657277172,796.3620000000001,7.280225,-102.3,7.394261838440112,-0.0005054582782987161,4,7.445,7.392957142857144
2022-04-01,7.058125,299.0,0.05417416730732924,2.8924967514092694,2159.8545,6.69480625,-3.200000000000003,7.223593645484949,0.009673902178626318,8,7.268066260987154,7.180062872270019
2022-04-02,6.795,5.3,0.010063472715651334,0.025757733414594863,36.00125,6.7273,5.3,6.792688679245283,0.004859949700866955,2,6.792688679245283,
2022-04-04,6.88625,7.6000000000000005,0.0035308514556103843,0.018205018268765708,51.426500000000004,6.8622,-7.2,6.766644736842105,0.0023953971406270665,2,7.0125,6.76
2022-04-05,6.9,10.0,-0.004081102438918793,-0.04081102438918793,69.0,6.928275,-10.0,6.9,-0.004081102438918793,1,,6.9
2022-04-06,6.875,22.1,0.04981866768467258,1.100992555831264,151.9375,6.54875,-22.1,6.875,0.04981866768467258,1,,6.875
2022-04-08,6.77325,67.60000000000001,0.03428135140293949,0.10946936438251582,457.03325,6.54875,-40.6,6.760846893491124,0.0016193692955993463,20,6.801574074074075,6.750683918669131
2022-04-15,6.72,1.0,0.026150028631418243,0.026150028631418243,6.72,6.54875,1.0,6.72,0.026150028631418243,1,6.72,
2022-04-20,6.5625,3.0,0.002099637335369442,0.006298912006108326,19.6875,6.54875,3.0,6.5625,0.002099637335369442,1,6.5625,
2022-04-21,6.38,8.5,0.10477146988285635,0.890557494004279,54.23,5.774949999999999,-8.5,6.38,0.10477146988285635,1,,6.38
2022-04-26,5.775,13.0,8.65808362005005e-06,0.00011255508706065065,75.075,5.774949999999999,-13.0,5.775,8.65808362005005e-06,1,,5.775
2022-05-10,5.1875,0.9,-0.003122748018255961,-0.002810473216430365,4.66875,5.203749999999999,-0.9,5.1875,-0.003122748018255961,1,,5.1875
2022-05-11,5.165,0.3,-0.008637236084452993,-0.0025911708253358976,1.5494999999999999,5.21,-0.3,5.165,-0.008637236084452993,1,,5.165
2022-05-12,4.91,21.2,-0.16068376068376056,-3.4064957264957236,104.092,5.85,-21.2,4.91,-0.16068376068376056,1,,4.91
2022-05-15,5.9275,100.0,0.013247863247863423,0.6623931623931711,592.75,5.85,100.0,5.9275,0.006623931623931711,2,5.9275,
2022-05-16,5.7975,3.0,-0.008974358974358831,-0.026923076923076494,17.392500000000002,5.85,-3.0,5.7975,-0.008974358974358831,1,,5.7975
2022-05-18,5.975,8.3,0.02136752136752129,0.17735042735042675,49.5925,5.85,-8.3,5.975,0.02136752136752129,1,,5.975
2022-05-19,5.9325,57.6,0.014102564102564275,0.8123076923077023,341.712,5.85,-57.6,5.9325,0.014102564102564275,1,,5.9325
2022-05-24,5.898706896551724,3.7,0.008325965222517006,0.0011391099322133852,21.838250000000002,5.85,0.5,5.90222972972973,0.00030786754924686085,29,5.910833333333333,5.890937500000001
2022-05-25,5.833,1.0,-0.0016537406352220563,0.0014813495832014412,5.882250000000001,5.8427999999999995,0.6,5.882250000000001,0.0014813495832014412,5,5.945937500000001,5.6275
2022-05-26,5.92264705882353,18.0,0.010985283511393633,0.00386626637418358,109.17249999999999,5.859117647058824,-17.0,6.065138888888888,0.00021479257634353222,17,5.905000000000001,6.0697142857142845
2022-05-27,6.495,29.7,-0.008586147681740042,-0.25500858614767924,192.9015,6.55125,29.7,6.495,-0.008586147681740042,1,6.495,
2022-05-28,6.526666666666666,0.30000000000000004,-0.02148925537231387,-0.002148925537231387,1.9580000000000002,6.669999999999999,0.30000000000000004,6.526666666666666,-0.007163085124104622,3,6.526666666666666,
2022-05-29,6.54,0.30000000000000004,-0.019490254872563728,-0.0019490254872563731,1.9620000000000002,6.669999999999999,0.30000000000000004,6.54,-0.006496751624187909,3,6.54,
2022-05-30,6.617,0.9,-0.007946026986506727,-0.0003748125937031422,5.9905,6.67,0.09999999999999998,6.656111111111111,-0.00041645843744793576,5,6.705,6.595
2022-05-31,6.527291666666667,1.2000000000000002,-0.008511085087606618,-0.0008511085087606618,7.832750000000001,6.589449999999999,0.2,6.527291666666667,-0.0007092570906338848,12,6.581785714285715,6.4510000000000005
2022-06-01,5.920833333333333,25.1,0.026932007192195368,0.25621010876237493,151.96125,5.771166666666667,-24.700000000000003,6.054233067729084,0.010207574054277885,6,6.063750000000001,6.054156626506024
2022-06-02,5.9725,1.5,-0.0225040916530279,-0.0022504091653027898,8.95875,6.11,1.1,5.9725,-0.0015002727768685265,15,6.011153846153845,5.7212499999999995
2022-06-03,6.045208333333334,1.2000000000000002,-0.010604200763775301,-0.0010604200763775302,7.254250000000001,6.11,-1.2000000000000002,6.045208333333333,-0.000883683396981275,12,,6.045208333333333
2022-06-06,5.936666666666667,11.100000000000001,-0.028368794326241176,-0.12062193126022926,65.61,6.11,10.700000000000001,5.91081081081081,-0.010866840654074707,3,5.910642201834863,5.919999999999999
2022-06-07,6.074772727272728,1.1,-0.005765511084660078,-0.0005765511084660078,6.682250000000001,6.11,1.1,6.074772727272728,-0.0005241373713327343,11,6.074772727272728,
2022-06-08,6.1175,2.0,-0.006971893287016306,-0.006971893287016306,12.235,6.16045,0.0,6.1175,-0.003485946643508153,2,6.1075,6.1275
2022-06-09,5.831666666666667,0.30000000000000004,0.089649266222897,0.0089649266222897,1.7494999999999998,5.351875,-0.30000000000000004,5.831666666666665,0.029883088740965662,3,,5.831666666666665
2022-06-10,5.6899999999999995,0.30000000000000004,0.06317879247927127,0.010527852388181713,1.71825,5.351875,-0.30000000000000004,5.727499999999999,0.03509284129393904,2,,5.727499999999999
2022-06-12,5.545625,1.6,0.036202265561135163,0.0036202265561135166,8.873000000000001,5.351875,-1.6,5.545625,0.0022626415975709477,16,,5.545625
2022-06-13,5.192500000000001,2.1,-0.029779282961578814,-0.0075744482074039015,11.03625,5.351875,-2.1,5.255357142857143,-0.0036068800987637626,5,,5.255357142857143
2022-06-14,5.191071428571428,0.7000000000000001,-0.030046212108573406,-0.0030046212108573406,3.63375,5.351875,0.7000000000000001,5.191071428571428,-0.004292316015510486,7,5.191071428571429,
2022-06-18,5.17,22.0,-0.0339834170267429,-0.7476351745883438,113.74,5.351875,-22.0,5.17,-0.0339834170267429,1,,5.17
2022-06-21,5.37,11.5,0.0033866635524932853,0.03894663085367278,61.755,5.351875,11.5,5.37,0.0033866635524932853,1,5.37,
2022-06-29,5.78,17.4,0.07660069848661255,1.3328521536670583,100.572,5.3687499999999995,17.4,5.78,0.07660069848661255,1,5.78,
2022-06-30,5.3774999999999995,19.7,-0.007052901024918068,-0.034645087749109384,105.50425,5.4158875,-17.3,5.355545685279188,-0.0017586338958938774,2,5.4025,5.3525
2022-07-05,5.4925,1.0,0.005395362459443165,0.005395362459443165,5.4925,5.463025,1.0,5.4925,0.005395362459443165,1,5.4925,
2022-07-06,5.61,1.0,-0.07291881842594505,-0.07291881842594505,5.61,6.0512500000000005,-1.0,5.61,-0.07291881842594505,1,,5.61
2022-07-18,5.875,9.8,-0.029126213592233108,-0.2854368932038845,57.575,6.0512500000000005,9.8,5.875,-0.029126213592233108,1,5.875,
2022-07-26,5.9675,1.6,-0.01384011567857879,-0.022144185085726065,9.548,6.0512500000000005,1.6,5.967499999999999,-0.01384011567857879,1,5.967499999999999,
2022-07-27,5.8259375,7.6,-0.03723404255319157,-0.033820491633960004,44.35225,6.0512500000000005,7.4,5.835822368421053,-0.004450064688678948,8,5.836733333333333,5.767499999999999
2022-07-28,5.9775,35.0,-0.012187564552778474,-0.05332059491840582,209.2125,6.0512500000000005,35.0,5.9775,-0.0015234455690973092,8,5.9775,
2022-07-29,6.085,2.0,0.005577360049576541,0.005577360049576541,12.17,6.0512500000000005,2.0,6.085,0.0027886800247882704,2,6.085,
2022-08-04,6.590833333333333,1.5,-0.015601036241556473,-0.007800518120778237,9.88625,6.699283333333333,0.5,6.590833333333333,-0.005200345413852158,3,6.5962499999999995,6.58
2022-08-05,6.525833333333334,6.0,-0.06343659330592162,-0.12371582817272646,39.221,6.967849999999999,-6.0,6.536833333333333,-0.02061930469545441,3,,6.536833333333333
2022-08-08,7.0075,30.0,0.004183433192004871,0.07198581693499367,210.654,6.978299999999999,30.0,7.0218,0.0023995272311664556,2,7.0218,
2022-08-09,6.7675,15.2,0.0255730251941656,0.34021594999052845,104.791,6.59875,-15.2,6.894144736842105,0.022382628288850556,2,,6.894144736842105
2022-08-10,6.9525,0.8,-0.0007258302132215899,-0.000580664170577272,5.562,6.9575499999999995,0.8,6.9525,-0.0007258302132215899,1,6.9525,
2022-08-15,6.8925,0.2,0.023305532976271248,0.0046611065952542495,1.3785,6.735525,0.2,6.8925,0.023305532976271245,1,6.8925,
2022-08-18,6.66875,0.8,-0.009913852298076231,-0.002722133760916917,5.35175,6.735525,-0.8,6.6896875,-0.003402667201146146,2,,6.6896875
2022-08-19,6.56625,29.7,0.016447368421052655,0.45506965944272487,197.74149999999997,6.46,-29.7,6.657962962962962,0.015322210755647303,2,,6.657962962962962
2022-08-22,6.2125,0.4,0.02095316351684473,0.008381265406737892,2.4850000000000003,6.085,-0.4,6.2125,0.02095316351684473,1,,6.2125
2022-08-24,6.135,0.8,0.008216926869350827,0.006573541495480662,4.908,6.085,-0.8,6.135,0.008216926869350827,1,,6.135
2022-08-26,6.1025,0.9,0.002875924404272867,0.0025883319638455803,5.49225,6.085,-0.9,6.1025,0.002875924404272867,1,,6.1025
2022-08-29,6.0425,0.9,0.04854908051312545,0.04369417246181291,5.438250000000001,5.762725,-0.9,6.0425,0.04854908051312545,1,,6.0425
2022-08-30,6.1725,1.9,0.07110785262180674,0.13510491998143281,11.72775,5.762725,1.9,6.1725,0.07110785262180674,1,6.1725,
2022-09-01,5.80625,1.4,0.007552850431002733,0.0060028024936120035,8.137,5.762725,-1.4,5.812142857142858,0.004287716066865717,2,,5.812142857142858
2022-09-02,5.6675,0.7,-0.07507139942880459,-0.05254997960016321,3.96725,6.1275,-0.7,5.6675,-0.07507139942880459,1,,5.6675
2022-09-06,5.915,29.0,-0.03467972256221952,-1.005711954304366,171.535,6.1275,29.0,5.915,-0.03467972256221952,1,5.915,
2022-09-12,6.15625,17.3,0.027526620179917582,0.5034002190843115,107.69749999999999,5.995950000000001,17.3,6.22528901734104,0.02909827855978679,2,6.22528901734104,
2022-09-13,5.9175,16.0,0.009054634745242485,0.14487415592387975,94.68,5.8644,-16.0,5.9175,0.009054634745242485,1,,5.9175
2022-09-14,5.9125,0.6,0.008202032603505938,0.004921219562103563,3.5475,5.8644,-0.6,5.9125,0.008202032603505938,1,,5.9125
2022-09-19,5.7125,0.5,-0.003054101221640515,-0.0015270506108202575,2.85625,5.73,-0.5,5.7125,-0.003054101221640515,1,,5.7125
2022-09-21,5.725,1.0,0.1424295335495136,0.1424295335495136,5.725,5.0112499999999995,1.0,5.725,0.1424295335495136,1,5.725,
2022-09-22,5.4,1.0,0.07757545522574216,0.039386380643552,5.406,5.0112499999999995,-1.0,5.406,0.039386380643552,2,,5.406
2022-09-23,5.1625000000000005,2.3,0.030182090296832314,0.02403758210692623,11.88725,5.0112499999999995,-2.3,5.168369565217391,0.010451122655185318,3,,5.168369565217391
2022-09-28,4.935,83.5,0.002539360081259545,0.07067885559505734,412.07249999999993,4.922499999999999,83.5,4.935,0.0008464533604198483,3,4.934999999999999,
2022-09-29,4.7625,64.0,0.00295195847450358,0.12496153545193,305.57,4.748475,61.599999999999994,4.77453125,0.0019525239914364063,2,4.775,4.75
2022-09-30,4.726778443113773,83.5,-0.0023386022025667598,-0.000233860220256676,394.68600000000004,4.737864071856287,-83.5,4.726778443113773,-2.8007212006787546e-06,835,,4.726778443113772
2022-10-01,4.7375,0.1,0.03580213172998081,0.0035802131729980816,0.47375,4.57375,0.1,4.7375,0.03580213172998081,1,4.7375,
2022-10-06,5.055,2.0,0.10522000546597417,0.034071239865172596,10.0825,4.57375,1.0,5.04125,0.017035619932586298,6,5.0825,4.9175
2022-10-07,4.585,1.5,0.0024596884394643137,0.0036895326591964706,6.8774999999999995,4.57375,-1.5,4.585,0.0024596884394643137,1,,4.585
2022-10-08,4.635000000000001,22.0,0.03177694919027211,0.27532602444951476,102.54,4.49225,-1.0,4.660909090909091,0.012514819293159762,3,4.755,4.575
2022-10-09,4.57875,23.8,0.019255384272914344,0.11594690856474954,108.99900000000001,4.49225,-23.8,4.579789915966387,0.004871718847258384,4,,4.579789915966387
2022-10-10,4.460500000000001,200.0,0.0021625397069154006,0.018071652713448492,890.82375,4.45024,-144.20000000000002,4.45411875,9.035826356724246e-05,10,4.506666666666667,4.445599941894247
2022-10-13,4.185,0.9,-0.026461180575748866,-0.02381506251817398,3.7664999999999997,4.29875,-0.9,4.185,-0.026461180575748866,1,,4.185
2022-10-18,4.48,22.4,0.0421634195987205,0.4631578947368414,100.274,4.29875,-2.4000000000000004,4.476517857142857,0.020676691729323276,2,4.5125,4.4475
2022-10-24,4.505833333333333,149.6,0.04817291848405544,0.7212464863816995,661.69575,4.29875,2.6645352591003757e-15,4.42309993315508,0.004821166352818847,6,4.556199866310161,4.29
2022-10-26,4.68,2.6,0.019607843137254832,0.050980392156862564,12.168,4.59,2.6,4.68,0.019607843137254832,1,4.68,
2022-10-27,4.503011363636364,264.1,-0.006946986427519897,-0.034724151689152195,1190.09875,4.5345625,8.499999999999996,4.506242900416509,-0.00013148107417323813,44,4.503319882611884,4.509360328638498
2022-10-28,4.445689655172414,250.8,-0.01620211566333751,-0.1413511708116585,1113.58,4.518640517241379,59.60000000000001,4.440111642743221,-0.0005636011595361183,29,4.462168170103093,4.404304393305439
2022-10-31,4.508958333333333,417.1,-0.026976540569246282,-0.23543652737260756,1880.63825,4.633872395833333,59.699999999999996,4.50884260369216,-0.0005644606266425498,48,4.554669672818791,4.44770565193061
2022-11-01,4.7090000000000005,38.3,-0.010454426057262878,-0.07452061991069037,180.48700000000002,4.75875,38.3,4.712454308093996,-0.001945708091662934,5,4.712454308093995,
2022-11-02,4.439739583333333,782.4,0.015643362806805627,0.09942909052976782,3497.441,4.372750000000001,-6.600000000000019,4.470144427402863,0.0001270821709225049,48,4.470083784480536,4.470204055766792
2022-11-03,4.283611111111111,1063.2,-0.012082308323083327,-0.12167711607671768,4567.30025,4.336,-238.6,4.295805351768247,-0.00011444424010225514,81,4.239477322338104,4.331485251190657
2022-11-04,4.2426644736842105,716.1,-0.022704370771098374,-0.2858960520291425,3013.95125,4.3411118421052635,163.9,4.208841293115487,-0.0003992404022191628,76,4.194121590909091,4.2322989858746825
2022-11-07,4.596973684210527,298.4,-0.00277993957536688,-0.02245249423049725,1371.59175,4.609928289473684,298.4,4.596487097855229,-7.524294313169321e-05,38,4.596487097855229,
2022-11-08,4.759017857142857,76.6,0.015394347342003714,0.043434570915584954,367.7745,4.686976785714285,73.0,4.801233681462141,0.0005670309519005869,28,4.803422459893048,4.710277777777775
2022-11-09,4.425833333333333,41.7,-0.04564755266368736,-0.5892541459794464,185.18675000000002,4.637525,-41.7,4.440929256594725,-0.014130794867612621,3,,4.440929256594725
